matrix,case,variant,state_frame,mode,profile,repeat,transport,dma_minimum,frames,pixel_checked,swaps_per_second,write_bytes_per_frame,dma_bytes_per_frame,dma_lists_per_frame,write_ms,dma_copy_ms,dma_launch_ms,dma_completion_wait_ms
buffered-parser-frame-matrix,o3-apb-s0-full-r1,o3-apb,0,full,frame,1,apb,64,180,True,14.727834,30951.555555555555,0,0,,,,
buffered-parser-frame-matrix,o3-dma-s0-full-r1,o3-dma,0,full,frame,1,dma,64,180,True,11.843825,30951.555555555555,31139.555555555555,5,,,,
buffered-parser-frame-matrix,o3-apb-s0-grouped-r1,o3-apb,0,grouped,frame,1,apb,64,180,True,14.932108,30951.555555555555,0,0,,,,
buffered-parser-frame-matrix,o3-dma-s0-grouped-r1,o3-dma,0,grouped,frame,1,dma,64,180,True,14.354732,30951.555555555555,31139.555555555555,5,,,,
buffered-parser-frame-matrix,o3-apb-s0-retained-r1,o3-apb,0,retained,frame,1,apb,64,180,True,58.511737,3578.6666666666665,0,0,,,,
buffered-parser-frame-matrix,o3-dma-s0-retained-r1,o3-dma,0,retained,frame,1,dma,64,180,True,57.882765,3578.6666666666665,3802.6666666666665,5,,,,
buffered-parser-frame-matrix,o3-apb-s0-replay-r1,o3-apb,0,replay,frame,1,apb,64,180,True,58.831336,34372,0,0,,,,
buffered-parser-frame-matrix,o3-dma-s0-replay-r1,o3-dma,0,replay,frame,1,dma,64,180,True,29.822945,34372,34560,5,,,,
buffered-parser-frame-matrix,o3-dma-s0-full-r2,o3-dma,0,full,frame,2,dma,64,180,True,11.843831,30951.555555555555,31139.555555555555,5,,,,
buffered-parser-frame-matrix,o3-apb-s0-full-r2,o3-apb,0,full,frame,2,apb,64,180,True,14.727835,30951.555555555555,0,0,,,,
buffered-parser-frame-matrix,o3-dma-s0-grouped-r2,o3-dma,0,grouped,frame,2,dma,64,180,True,14.297545,30951.555555555555,31139.555555555555,5,,,,
buffered-parser-frame-matrix,o3-apb-s0-grouped-r2,o3-apb,0,grouped,frame,2,apb,64,180,True,14.953278,30951.555555555555,0,0,,,,
buffered-parser-frame-matrix,o3-dma-s0-retained-r2,o3-dma,0,retained,frame,2,dma,64,180,True,58.200315,3578.6666666666665,3802.6666666666665,5,,,,
buffered-parser-frame-matrix,o3-apb-s0-retained-r2,o3-apb,0,retained,frame,2,apb,64,180,True,58.202758,3578.6666666666665,0,0,,,,
buffered-parser-frame-matrix,o3-dma-s0-replay-r2,o3-dma,0,replay,frame,2,dma,64,180,True,29.905771,34372,34560,5,,,,
buffered-parser-frame-matrix,o3-apb-s0-replay-r2,o3-apb,0,replay,frame,2,apb,64,180,True,58.831398,34372,0,0,,,,
buffered-parser-frame-matrix,o3-apb-s0-full-r3,o3-apb,0,full,frame,3,apb,64,180,True,14.727424,30951.555555555555,0,0,,,,
buffered-parser-frame-matrix,o3-dma-s0-full-r3,o3-dma,0,full,frame,3,dma,64,180,True,11.791929,30951.555555555555,31139.555555555555,5,,,,
buffered-parser-frame-matrix,o3-apb-s0-grouped-r3,o3-apb,0,grouped,frame,3,apb,64,180,True,14.952846,30951.555555555555,0,0,,,,
buffered-parser-frame-matrix,o3-dma-s0-grouped-r3,o3-dma,0,grouped,frame,3,dma,64,180,True,14.354728,30951.555555555555,31139.555555555555,5,,,,
buffered-parser-frame-matrix,o3-apb-s0-retained-r3,o3-apb,0,retained,frame,3,apb,64,180,True,58.511698,3578.6666666666665,0,0,,,,
buffered-parser-frame-matrix,o3-dma-s0-retained-r3,o3-dma,0,retained,frame,3,dma,64,180,True,57.882583,3578.6666666666665,3802.6666666666665,5,,,,
buffered-parser-frame-matrix,o3-apb-s0-replay-r3,o3-apb,0,replay,frame,3,apb,64,180,True,58.831237,34372,0,0,,,,
buffered-parser-frame-matrix,o3-dma-s0-replay-r3,o3-dma,0,replay,frame,3,dma,64,180,True,29.577133,34372,34560,5,,,,
buffered-parser-threshold-matrix,dma1024-s0-full-r1,dma1024,0,full,frame,1,dma,1024,180,True,11.948985,30951.555555555555,31139.555555555555,5,,,,
buffered-parser-threshold-matrix,dma8192-s0-full-r1,dma8192,0,full,frame,1,dma,8192,180,True,11.962265,30951.555555555555,20016,2,,,,
buffered-parser-threshold-matrix,dma1024-s0-grouped-r1,dma1024,0,grouped,frame,1,dma,1024,180,True,14.297456,30951.555555555555,31139.555555555555,5,,,,
buffered-parser-threshold-matrix,dma8192-s0-grouped-r1,dma8192,0,grouped,frame,1,dma,8192,180,True,14.788529,30951.555555555555,20016,2,,,,
buffered-parser-threshold-matrix,dma1024-s0-retained-r1,dma1024,0,retained,frame,1,dma,1024,180,True,58.195465,3578.6666666666665,2054.4,1.6444444444444444,,,,
buffered-parser-threshold-matrix,dma8192-s0-retained-r1,dma8192,0,retained,frame,1,dma,8192,180,True,58.511677,3578.6666666666665,0,0,,,,
buffered-parser-threshold-matrix,dma1024-s0-replay-r1,dma1024,0,replay,frame,1,dma,1024,180,True,29.821862,34372,34560,5,,,,
buffered-parser-threshold-matrix,dma8192-s0-replay-r1,dma8192,0,replay,frame,1,dma,8192,180,True,29.905801,34372,20032,2,,,,
buffered-parser-threshold-matrix,dma8192-s0-full-r2,dma8192,0,full,frame,2,dma,8192,180,True,11.962267,30951.555555555555,20016,2,,,,
buffered-parser-threshold-matrix,dma1024-s0-full-r2,dma1024,0,full,frame,2,dma,1024,180,True,11.96218,30951.555555555555,31139.555555555555,5,,,,
buffered-parser-threshold-matrix,dma8192-s0-grouped-r2,dma8192,0,grouped,frame,2,dma,8192,180,True,14.768242,30951.555555555555,20016,2,,,,
buffered-parser-threshold-matrix,dma1024-s0-grouped-r2,dma1024,0,grouped,frame,2,dma,1024,180,True,14.221991,30951.555555555555,31139.555555555555,5,,,,
buffered-parser-threshold-matrix,dma8192-s0-retained-r2,dma8192,0,retained,frame,2,dma,8192,180,True,58.195473,3578.6666666666665,0,0,,,,
buffered-parser-threshold-matrix,dma1024-s0-retained-r2,dma1024,0,retained,frame,2,dma,1024,180,True,58.51175,3578.6666666666665,2054.4,1.6444444444444444,,,,
buffered-parser-threshold-matrix,dma8192-s0-replay-r2,dma8192,0,replay,frame,2,dma,8192,180,True,29.90579,34372,20032,2,,,,
buffered-parser-threshold-matrix,dma1024-s0-replay-r2,dma1024,0,replay,frame,2,dma,1024,180,True,29.906096,34372,34560,5,,,,
buffered-parser-threshold-matrix,dma1024-s0-full-r3,dma1024,0,full,frame,3,dma,1024,180,True,11.962266,30951.555555555555,31139.555555555555,5,,,,
buffered-parser-threshold-matrix,dma8192-s0-full-r3,dma8192,0,full,frame,3,dma,8192,180,True,11.962265,30951.555555555555,20016,2,,,,
buffered-parser-threshold-matrix,dma1024-s0-grouped-r3,dma1024,0,grouped,frame,3,dma,1024,180,True,14.259666,30951.555555555555,31139.555555555555,5,,,,
buffered-parser-threshold-matrix,dma8192-s0-grouped-r3,dma8192,0,grouped,frame,3,dma,8192,180,True,14.748011,30951.555555555555,20016,2,,,,
buffered-parser-threshold-matrix,dma1024-s0-retained-r3,dma1024,0,retained,frame,3,dma,1024,180,True,58.19551,3578.6666666666665,2054.4,1.6444444444444444,,,,
buffered-parser-threshold-matrix,dma8192-s0-retained-r3,dma8192,0,retained,frame,3,dma,8192,180,True,57.882581,3578.6666666666665,0,0,,,,
buffered-parser-threshold-matrix,dma1024-s0-replay-r3,dma1024,0,replay,frame,3,dma,1024,180,True,29.905795,34372,34560,5,,,,
buffered-parser-threshold-matrix,dma8192-s0-replay-r3,dma8192,0,replay,frame,3,dma,8192,180,True,29.906467,34372,20032,2,,,,
buffered-parser-detailed-matrix,o3-apb-s0-full-r1,o3-apb,0,full,detailed,1,apb,64,180,True,14.727838,30951.555555555555,0,0,7.922234722222222,0.0,0.0,0.0
buffered-parser-detailed-matrix,o3-dma-s0-full-r1,o3-dma,0,full,detailed,1,dma,64,180,True,11.948988,30951.555555555555,31139.555555555555,5,17.70882166666667,17.488938055555558,0.051375,4.035465555555556
buffered-parser-detailed-matrix,o3-dma-s0-full-r2,o3-dma,0,full,detailed,2,dma,64,180,True,11.948988,30951.555555555555,31139.555555555555,5,17.77604861111111,17.530057222222222,0.05008861111111111,3.9738580555555556
buffered-parser-detailed-matrix,o3-apb-s0-full-r2,o3-apb,0,full,detailed,2,apb,64,180,True,14.727831,30951.555555555555,0,0,7.899876111111111,0.0,0.0,0.0
buffered-parser-detailed-matrix,o3-apb-s0-full-r3,o3-apb,0,full,detailed,3,apb,64,180,True,14.72782,30951.555555555555,0,0,7.916380833333333,0.0,0.0,0.0
buffered-parser-detailed-matrix,o3-dma-s0-full-r3,o3-dma,0,full,detailed,3,dma,64,180,True,11.896172,30951.555555555555,31139.555555555555,5,17.813979722222225,17.557826388888888,0.053290555555555556,3.9870758333333334
