profile,state_frame,mode,variant,transport,dma_minimum,repetitions,swaps_per_second_median,swaps_per_second_min,swaps_per_second_max,write_bytes_per_frame_median,write_bytes_per_frame_min,write_bytes_per_frame_max,dma_bytes_per_frame_median,dma_bytes_per_frame_min,dma_bytes_per_frame_max,dma_lists_per_frame_median,dma_lists_per_frame_min,dma_lists_per_frame_max,write_ms_median,write_ms_min,write_ms_max,dma_copy_ms_median,dma_copy_ms_min,dma_copy_ms_max,dma_launch_ms_median,dma_launch_ms_min,dma_launch_ms_max,dma_completion_wait_ms_median,dma_completion_wait_ms_min,dma_completion_wait_ms_max
detailed,0,full,o3-apb,apb,64,3,14.727831,14.72782,14.727838,30951.555555555555,30951.555555555555,30951.555555555555,0,0,0,0,0,0,7.916380833333333,7.899876111111111,7.922234722222222,0.0,0.0,0.0,0.0,0.0,0.0,0.0,0.0,0.0
detailed,0,full,o3-dma,dma,64,3,11.948988,11.896172,11.948988,30951.555555555555,30951.555555555555,30951.555555555555,31139.555555555555,31139.555555555555,31139.555555555555,5,5,5,17.77604861111111,17.70882166666667,17.813979722222225,17.530057222222222,17.488938055555558,17.557826388888888,0.051375,0.05008861111111111,0.053290555555555556,3.9870758333333334,3.9738580555555556,4.035465555555556
frame,0,full,dma1024,dma,1024,3,11.96218,11.948985,11.962266,30951.555555555555,30951.555555555555,30951.555555555555,31139.555555555555,31139.555555555555,31139.555555555555,5,5,5,,,,,,,,,,,,
frame,0,full,dma8192,dma,8192,3,11.962265,11.962265,11.962267,30951.555555555555,30951.555555555555,30951.555555555555,20016,20016,20016,2,2,2,,,,,,,,,,,,
frame,0,full,o3-apb,apb,64,3,14.727834,14.727424,14.727835,30951.555555555555,30951.555555555555,30951.555555555555,0,0,0,0,0,0,,,,,,,,,,,,
frame,0,full,o3-dma,dma,64,3,11.843825,11.791929,11.843831,30951.555555555555,30951.555555555555,30951.555555555555,31139.555555555555,31139.555555555555,31139.555555555555,5,5,5,,,,,,,,,,,,
frame,0,grouped,dma1024,dma,1024,3,14.259666,14.221991,14.297456,30951.555555555555,30951.555555555555,30951.555555555555,31139.555555555555,31139.555555555555,31139.555555555555,5,5,5,,,,,,,,,,,,
frame,0,grouped,dma8192,dma,8192,3,14.768242,14.748011,14.788529,30951.555555555555,30951.555555555555,30951.555555555555,20016,20016,20016,2,2,2,,,,,,,,,,,,
frame,0,grouped,o3-apb,apb,64,3,14.952846,14.932108,14.953278,30951.555555555555,30951.555555555555,30951.555555555555,0,0,0,0,0,0,,,,,,,,,,,,
frame,0,grouped,o3-dma,dma,64,3,14.354728,14.297545,14.354732,30951.555555555555,30951.555555555555,30951.555555555555,31139.555555555555,31139.555555555555,31139.555555555555,5,5,5,,,,,,,,,,,,
frame,0,replay,dma1024,dma,1024,3,29.905795,29.821862,29.906096,34372,34372,34372,34560,34560,34560,5,5,5,,,,,,,,,,,,
frame,0,replay,dma8192,dma,8192,3,29.905801,29.90579,29.906467,34372,34372,34372,20032,20032,20032,2,2,2,,,,,,,,,,,,
frame,0,replay,o3-apb,apb,64,3,58.831336,58.831237,58.831398,34372,34372,34372,0,0,0,0,0,0,,,,,,,,,,,,
frame,0,replay,o3-dma,dma,64,3,29.822945,29.577133,29.905771,34372,34372,34372,34560,34560,34560,5,5,5,,,,,,,,,,,,
frame,0,retained,dma1024,dma,1024,3,58.19551,58.195465,58.51175,3578.6666666666665,3578.6666666666665,3578.6666666666665,2054.4,2054.4,2054.4,1.6444444444444444,1.6444444444444444,1.6444444444444444,,,,,,,,,,,,
frame,0,retained,dma8192,dma,8192,3,58.195473,57.882581,58.511677,3578.6666666666665,3578.6666666666665,3578.6666666666665,0,0,0,0,0,0,,,,,,,,,,,,
frame,0,retained,o3-apb,apb,64,3,58.511698,58.202758,58.511737,3578.6666666666665,3578.6666666666665,3578.6666666666665,0,0,0,0,0,0,,,,,,,,,,,,
frame,0,retained,o3-dma,dma,64,3,57.882765,57.882583,58.200315,3578.6666666666665,3578.6666666666665,3578.6666666666665,3802.6666666666665,3802.6666666666665,3802.6666666666665,5,5,5,,,,,,,,,,,,
