variant,state_frame,mode,repetitions,detailed_swaps_per_second_median,detailed_swaps_per_second_min,detailed_swaps_per_second_max,frame_swaps_per_second_median,frame_swaps_per_second_min,frame_swaps_per_second_max,frame_vs_detailed_median_percent
lto-apb,0,full,3,14.952832,14.952716,14.953075,14.952822,14.932087,14.952826,-6.687696351148631e-05
lto-apb,0,grouped,3,19.609235,19.574617,19.610271,19.611108,19.610388,19.646863,0.009551621978109992
lto-apb,0,replay,3,59.15467,58.83861,59.161469,58.831261,58.83113,59.154755,-0.5467176133346796
lto-apb,0,retained,3,58.19513,58.195128,58.195211,58.511466,58.19504,58.511479,0.5435781310223042
lto-unrolled,0,full,3,14.97317,14.952824,15.015379,14.97362,14.952547,14.973628,0.003005375615194872
lto-unrolled,0,grouped,3,19.64645,19.644789,19.681977,19.681974,19.646048,19.681979,0.1808163815854691
lto-unrolled,0,replay,3,59.481649,59.162012,59.811875,59.481467,58.831322,59.811991,-0.00030597672232568485
lto-unrolled,0,retained,3,58.195134,58.195124,58.195204,58.195154,58.195082,58.511448,3.436713453819351e-05
o3-apb,0,full,3,14.727839,14.727831,14.728528,14.727829,14.707474,14.748,-6.789862382339251e-05
o3-apb,0,grouped,3,14.952848,14.952845,14.952848,14.952841,14.952651,14.952852,-4.6813824361446876e-05
o3-apb,0,replay,3,58.828359,58.827016,58.831445,58.831358,58.831271,58.831429,0.005097881448645758
o3-apb,0,retained,3,58.195385,58.193917,58.195459,58.198601,58.195351,58.511761,0.0055262113997534
o3-unrolled,0,full,3,14.870225,14.768231,14.911415,14.850085,14.788523,14.890811,-0.13543843485891438
o3-unrolled,0,grouped,3,16.14101,16.141006,16.770064,16.795723,16.563153,16.901182,4.05620837853391
o3-unrolled,0,replay,3,59.154636,58.827109,59.481357,59.154589,58.831226,59.481484,-7.945277527010575e-05
o3-unrolled,0,retained,3,58.195549,57.88252,58.511976,58.190017,57.882598,58.19551,-0.009505881626792334
