mode,seed,bytes,address_offset,cycles
stream,1,64,0,575
stream,1,64,4032,575
stream,1,128,0,623
stream,1,128,4032,623
stream,1,192,0,671
stream,1,192,4032,671
stream,1,4096,0,3575
stream,1,4096,4032,3575
stream,1,4160,0,3633
stream,1,4160,4032,3633
stream,1,65536,0,56226
stream,1,65536,4032,56226
stream,1,1048576,0,896447
stream,1,1048576,4032,896447
stream,2,64,0,576
stream,2,64,4032,576
stream,2,128,0,629
stream,2,128,4032,629
stream,2,192,0,675
stream,2,192,4032,675
stream,2,4096,0,3539
stream,2,4096,4032,3539
stream,2,4160,0,3588
stream,2,4160,4032,3588
stream,2,65536,0,56277
stream,2,65536,4032,56277
stream,2,1048576,0,895324
stream,2,1048576,4032,895324
stream,3,64,0,573
stream,3,64,4032,573
stream,3,128,0,620
stream,3,128,4032,620
stream,3,192,0,682
stream,3,192,4032,682
stream,3,4096,0,3584
stream,3,4096,4032,3584
stream,3,4160,0,3627
stream,3,4160,4032,3627
stream,3,65536,0,56441
stream,3,65536,4032,56441
stream,3,1048576,0,895744
stream,3,1048576,4032,895744
stream,4,64,0,578
stream,4,64,4032,578
stream,4,128,0,629
stream,4,128,4032,629
stream,4,192,0,678
stream,4,192,4032,678
stream,4,4096,0,3565
stream,4,4096,4032,3565
stream,4,4160,0,3609
stream,4,4160,4032,3609
stream,4,65536,0,56283
stream,4,65536,4032,56283
stream,4,1048576,0,895322
stream,4,1048576,4032,895322
stream,5,64,0,574
stream,5,64,4032,574
stream,5,128,0,636
stream,5,128,4032,636
stream,5,192,0,673
stream,5,192,4032,673
stream,5,4096,0,3569
stream,5,4096,4032,3569
stream,5,4160,0,3612
stream,5,4160,4032,3612
stream,5,65536,0,56216
stream,5,65536,4032,56216
stream,5,1048576,0,895411
stream,5,1048576,4032,895411
stream,6,64,0,587
stream,6,64,4032,587
stream,6,128,0,633
stream,6,128,4032,633
stream,6,192,0,685
stream,6,192,4032,685
stream,6,4096,0,3612
stream,6,4096,4032,3612
stream,6,4160,0,3656
stream,6,4160,4032,3656
stream,6,65536,0,56159
stream,6,65536,4032,56159
stream,6,1048576,0,894812
stream,6,1048576,4032,894812
stream,7,64,0,571
stream,7,64,4032,571
stream,7,128,0,616
stream,7,128,4032,616
stream,7,192,0,670
stream,7,192,4032,670
stream,7,4096,0,3599
stream,7,4096,4032,3599
stream,7,4160,0,3639
stream,7,4160,4032,3639
stream,7,65536,0,56368
stream,7,65536,4032,56368
stream,7,1048576,0,895332
stream,7,1048576,4032,895332
stream,8,64,0,577
stream,8,64,4032,577
stream,8,128,0,622
stream,8,128,4032,622
stream,8,192,0,676
stream,8,192,4032,676
stream,8,4096,0,3609
stream,8,4096,4032,3609
stream,8,4160,0,3651
stream,8,4160,4032,3651
stream,8,65536,0,56181
stream,8,65536,4032,56181
stream,8,1048576,0,896438
stream,8,1048576,4032,896438
dma,1,64,0,584
dma,1,64,4032,584
dma,1,128,0,627
dma,1,128,4032,627
dma,1,192,0,682
dma,1,192,4032,682
dma,1,4096,0,3666
dma,1,4096,4032,3666
dma,1,4160,0,3713
dma,1,4160,4032,3713
dma,1,65536,0,58751
dma,1,65536,4032,58751
dma,1,1048576,0,932410
dma,1,1048576,4032,932410
dma,2,64,0,583
dma,2,64,4032,583
dma,2,128,0,638
dma,2,128,4032,638
dma,2,192,0,679
dma,2,192,4032,679
dma,2,4096,0,3680
dma,2,4096,4032,3680
dma,2,4160,0,3721
dma,2,4160,4032,3721
dma,2,65536,0,58833
dma,2,65536,4032,58833
dma,2,1048576,0,931995
dma,2,1048576,4032,931995
dma,3,64,0,579
dma,3,64,4032,579
dma,3,128,0,630
dma,3,128,4032,630
dma,3,192,0,687
dma,3,192,4032,687
dma,3,4096,0,3797
dma,3,4096,4032,3797
dma,3,4160,0,3865
dma,3,4160,4032,3865
dma,3,65536,0,58791
dma,3,65536,4032,58791
dma,3,1048576,0,932399
dma,3,1048576,4032,932399
dma,4,64,0,584
dma,4,64,4032,584
dma,4,128,0,627
dma,4,128,4032,627
dma,4,192,0,670
dma,4,192,4032,670
dma,4,4096,0,3767
dma,4,4096,4032,3767
dma,4,4160,0,3818
dma,4,4160,4032,3818
dma,4,65536,0,58660
dma,4,65536,4032,58660
dma,4,1048576,0,931511
dma,4,1048576,4032,931511
dma,5,64,0,579
dma,5,64,4032,579
dma,5,128,0,625
dma,5,128,4032,625
dma,5,192,0,675
dma,5,192,4032,675
dma,5,4096,0,3671
dma,5,4096,4032,3671
dma,5,4160,0,3726
dma,5,4160,4032,3726
dma,5,65536,0,58592
dma,5,65536,4032,58592
dma,5,1048576,0,932218
dma,5,1048576,4032,932218
dma,6,64,0,577
dma,6,64,4032,577
dma,6,128,0,626
dma,6,128,4032,626
dma,6,192,0,674
dma,6,192,4032,674
dma,6,4096,0,3715
dma,6,4096,4032,3715
dma,6,4160,0,3756
dma,6,4160,4032,3756
dma,6,65536,0,58595
dma,6,65536,4032,58595
dma,6,1048576,0,932132
dma,6,1048576,4032,932132
dma,7,64,0,582
dma,7,64,4032,582
dma,7,128,0,622
dma,7,128,4032,622
dma,7,192,0,668
dma,7,192,4032,668
dma,7,4096,0,3739
dma,7,4096,4032,3739
dma,7,4160,0,3771
dma,7,4160,4032,3771
dma,7,65536,0,58861
dma,7,65536,4032,58861
dma,7,1048576,0,931836
dma,7,1048576,4032,931836
dma,8,64,0,574
dma,8,64,4032,574
dma,8,128,0,625
dma,8,128,4032,625
dma,8,192,0,681
dma,8,192,4032,681
dma,8,4096,0,3699
dma,8,4096,4032,3699
dma,8,4160,0,3744
dma,8,4160,4032,3744
dma,8,65536,0,58727
dma,8,65536,4032,58727
dma,8,1048576,0,931928
dma,8,1048576,4032,931928
