variant,state,style,repeat,frames,completed_swaps_s,elapsed_s,logic_ms,prepare_ms,transfer_ms,completion_wait_ms,interval_mean_ms,interval_p95_ms,command_bytes_frame,apb_wait_ms_frame,apb_wait_cycles,max_apb_wait_us,hw_words,hw_elapsed_cycles,state_sequence_sha256,pixel_check,csv_file
fifo512,0,full,0,180,14.648057,12.2883196,0.9923158333333334,55.9857875,7.597726388888889,3.5345375,68.26844222222222,83.5975,30951.555555555555,0.45970611111111115,1654942,147.25,1392820,245769060,36b43945a9561876a876995befe1df42adc74be3a71d8ad747685c2708025b32,True,board-v2/fifo512/r0-s0-full.csv
fifo512,0,grouped,0,180,14.953981,12.0369282,0.9821297222222223,45.78474666666666,7.480773611111111,12.480337777777779,66.87182333333334,67.11085,30951.555555555555,0.37880277777777777,1363690,147.25,1392820,240741097,36b43945a9561876a876995befe1df42adc74be3a71d8ad747685c2708025b32,True,board-v2/fifo512/r0-s0-grouped.csv
fifo512,0,retained,0,180,58.201606,3.09269815,1.0350575,6.871460833333333,1.285288611111111,7.838310277777778,17.18165638888889,17.10225,3578.6666666666665,0.2885319444444444,1038715,227.5,161040,61856657,36b43945a9561876a876995befe1df42adc74be3a71d8ad747685c2708025b32,True,board-v2/fifo512/r0-s0-retained.csv
fifo512,1800,full,0,180,14.953601,12.0372341,0.8931933333333334,44.68163916666666,6.018455833333333,15.130846944444444,66.87352277777778,67.16695,24140.88888888889,0.5120325,1843317,147.25,1086340,240747178,fee14c5923ad188a5b4fb5509eb7fe52eced9c80a7357fb9d85f6d098109c42b,True,board-v2/fifo512/r0-s1800-full.csv
fifo512,1800,grouped,0,180,19.682675,9.14509835,0.8609955555555555,36.491038333333336,6.212452222222222,7.114740833333333,50.80610194444444,50.56305,24140.88888888889,0.5642169444444445,2031181,147.25,1086340,182904397,fee14c5923ad188a5b4fb5509eb7fe52eced9c80a7357fb9d85f6d098109c42b,True,board-v2/fifo512/r0-s1800-grouped.csv
fifo512,1800,retained,0,180,58.521191,3.0758089,0.9323191666666666,5.962385833333333,0.9739952777777777,9.073639444444444,17.087827222222224,17.08875,3235.5555555555557,0.11200527777777777,403219,226.15,145600,61518594,fee14c5923ad188a5b4fb5509eb7fe52eced9c80a7357fb9d85f6d098109c42b,True,board-v2/fifo512/r0-s1800-retained.csv
fifo512,3600,full,0,180,19.937826,9.02806555,0.8280577777777778,34.215226111111114,5.170263611111111,9.805952222222222,50.15591972222222,50.4035,18724.0,0.6898513888888889,2483465,147.25,842580,180563707,671fde9f6490eb3f3f4f5ee7bbd7a941398816050894f091e514c2e58e7973cb,True,board-v2/fifo512/r0-s3600-full.csv
fifo512,3600,grouped,0,180,23.456457,7.6737931,0.7894108333333334,27.721972222222224,5.164116944444444,8.813193888888888,42.63218388888889,50.2729,18724.0,0.6548877777777778,2357596,147.25,842580,153478410,671fde9f6490eb3f3f4f5ee7bbd7a941398816050894f091e514c2e58e7973cb,True,board-v2/fifo512/r0-s3600-grouped.csv
fifo512,3600,retained,0,180,59.818583,3.00909835,0.8278,5.937577777777777,1.1269530555555556,8.678756944444444,16.717213055555554,16.98175,3455.5555555555557,0.23265055555555555,837542,227.0,155500,60184528,671fde9f6490eb3f3f4f5ee7bbd7a941398816050894f091e514c2e58e7973cb,True,board-v2/fifo512/r0-s3600-retained.csv
fifo512,0,full,1,180,14.628383,12.3048456,0.9950869444444445,56.406135,7.397176111111111,3.4327608333333335,68.36025333333333,83.5964,30951.555555555555,0.4645080555555556,1672229,147.25,1392820,246099474,36b43945a9561876a876995befe1df42adc74be3a71d8ad747685c2708025b32,False,board-v2/fifo512/r1-s0-full.csv
fifo512,0,grouped,1,180,14.953236,12.0375283,1.0417680555555555,45.94376111111111,7.415166944444444,12.340716666666665,66.87515722222223,67.1316,30951.555555555555,0.3596627777777778,1294786,147.25,1392820,240753163,36b43945a9561876a876995befe1df42adc74be3a71d8ad747685c2708025b32,False,board-v2/fifo512/r1-s0-grouped.csv
fifo512,0,retained,1,180,57.888618,3.10941955,1.0139927777777777,6.851490277777778,1.3332716666666669,7.937127222222222,17.274553055555554,17.06075,3578.6666666666665,0.305315,1099134,227.85,161040,62190587,36b43945a9561876a876995befe1df42adc74be3a71d8ad747685c2708025b32,False,board-v2/fifo512/r1-s0-retained.csv
fifo512,1800,full,1,180,14.995188,12.0038507,0.8849425,44.689724444444444,6.150707777777778,14.816002777777777,66.68805944444445,67.0785,24140.88888888889,0.5284575,1902447,147.25,1086340,240079633,fee14c5923ad188a5b4fb5509eb7fe52eced9c80a7357fb9d85f6d098109c42b,False,board-v2/fifo512/r1-s1800-full.csv
fifo512,1800,grouped,1,180,19.647578,9.1614347,0.8780355555555555,36.55647166666667,6.237466666666667,7.087778333333333,50.896859444444445,50.76055,24140.88888888889,0.5370727777777778,1933462,147.25,1086340,183230961,fee14c5923ad188a5b4fb5509eb7fe52eced9c80a7357fb9d85f6d098109c42b,False,board-v2/fifo512/r1-s1800-grouped.csv
fifo512,1800,retained,1,180,58.517819,3.07598615,0.93271,5.95381,0.9098652777777777,9.154750277777778,17.088811944444444,17.13045,3235.5555555555557,0.11093388888888889,399362,227.1,145600,61522164,fee14c5923ad188a5b4fb5509eb7fe52eced9c80a7357fb9d85f6d098109c42b,False,board-v2/fifo512/r1-s1800-retained.csv
fifo512,3600,full,1,180,19.900966,9.04478715,0.7919911111111111,33.715475,5.086639444444444,10.522525277777778,50.2488175,50.44655,18724.0,0.6522366666666667,2348052,147.25,842580,180898211,671fde9f6490eb3f3f4f5ee7bbd7a941398816050894f091e514c2e58e7973cb,False,board-v2/fifo512/r1-s3600-full.csv
fifo512,3600,grouped,1,180,21.750462,8.27568635,0.7329358333333333,28.008546944444443,4.961675833333333,12.12887,45.976035277777775,50.50635,18724.0,0.6218175,2238543,147.25,842580,165516302,671fde9f6490eb3f3f4f5ee7bbd7a941398816050894f091e514c2e58e7973cb,False,board-v2/fifo512/r1-s3600-grouped.csv
fifo512,3600,retained,1,180,59.81843,3.00910605,0.8189497222222223,5.935191666666666,1.160118611111111,8.668086666666666,16.717255833333333,16.98795,3455.5555555555557,0.21973611111111113,791050,227.9,155500,60184558,671fde9f6490eb3f3f4f5ee7bbd7a941398816050894f091e514c2e58e7973cb,False,board-v2/fifo512/r1-s3600-retained.csv
fifo512,0,full,2,180,14.608932,12.3212294,1.0210891666666666,56.31315138888889,7.480928333333333,3.508413611111111,68.45127444444445,83.5959,30951.555555555555,0.46796055555555555,1684658,147.25,1392820,246427341,36b43945a9561876a876995befe1df42adc74be3a71d8ad747685c2708025b32,False,board-v2/fifo512/r2-s0-full.csv
fifo512,0,grouped,2,180,14.953227,12.03753565,1.0091266666666667,45.971269166666666,7.463476944444444,12.295506944444444,66.87519805555556,67.10245,30951.555555555555,0.36792722222222224,1324538,147.25,1392820,240753122,36b43945a9561876a876995befe1df42adc74be3a71d8ad747685c2708025b32,False,board-v2/fifo512/r2-s0-grouped.csv
fifo512,0,retained,2,180,58.523168,3.075705,0.9786291666666667,6.890705,1.3337875,7.752140833333333,17.08725,17.093,3578.6666666666665,0.2897711111111111,1043176,227.45,161040,61516604,36b43945a9561876a876995befe1df42adc74be3a71d8ad747685c2708025b32,False,board-v2/fifo512/r2-s0-retained.csv
fifo512,1800,full,2,180,14.952787,12.0378895,0.9297372222222222,45.55042972222222,6.105803333333333,14.151281388888888,66.87716388888889,67.1494,24140.88888888889,0.5361116666666667,1930002,147.25,1086340,240760228,fee14c5923ad188a5b4fb5509eb7fe52eced9c80a7357fb9d85f6d098109c42b,False,board-v2/fifo512/r2-s1800-full.csv
fifo512,1800,grouped,2,180,19.646741,9.16182485,0.8486366666666666,36.633003611111114,6.203519166666667,7.0845025,50.899026944444444,50.8051,24140.88888888889,0.5425458333333333,1953165,147.25,1086340,183238806,fee14c5923ad188a5b4fb5509eb7fe52eced9c80a7357fb9d85f6d098109c42b,False,board-v2/fifo512/r2-s1800-grouped.csv
fifo512,1800,retained,2,180,58.524937,3.075612,0.9335786111111112,5.968774722222222,0.9376161111111111,9.098404722222222,17.086733333333335,17.0785,3235.5555555555557,0.11428472222222222,411425,226.1,145600,61514741,fee14c5923ad188a5b4fb5509eb7fe52eced9c80a7357fb9d85f6d098109c42b,False,board-v2/fifo512/r2-s1800-retained.csv
fifo512,3600,full,2,180,19.937817,9.02806965,0.7852855555555555,33.88776638888889,5.142558333333333,10.205133611111112,50.1559425,50.42305,18724.0,0.6791547222222222,2444957,147.25,842580,180563826,671fde9f6490eb3f3f4f5ee7bbd7a941398816050894f091e514c2e58e7973cb,False,board-v2/fifo512/r2-s3600-full.csv
fifo512,3600,grouped,2,180,22.907434,7.857711,0.8023427777777777,27.654659722222224,5.143365277777778,9.893864166666667,43.65395,50.33305,18724.0,0.6667263888888889,2400215,147.25,842580,157156664,671fde9f6490eb3f3f4f5ee7bbd7a941398816050894f091e514c2e58e7973cb,False,board-v2/fifo512/r2-s3600-grouped.csv
fifo512,3600,retained,2,180,59.818542,3.0091004,0.8257933333333334,5.967994444444445,1.1596058333333332,8.616593888888888,16.717224444444444,16.94765,3455.5555555555557,0.22362055555555554,805034,228.5,155500,60184486,671fde9f6490eb3f3f4f5ee7bbd7a941398816050894f091e514c2e58e7973cb,False,board-v2/fifo512/r2-s3600-retained.csv
fifo512,0,replay,0,180,58.837289,3.0592844,0.8545108333333333,4.0564905555555555,6.8608375,5.078893888888889,16.996024444444444,17.0083,34372.0,0.09227416666666666,332187,30.1,1546740,61188453,6b40a29712d8ca5eb90c5bb7bd82c14a33563a55ead553b97ad05916bececb13,False,board-v2/fifo512/replay-0.csv
fifo512,0,replay,1,180,59.160492,3.04257105,0.84393,4.026766111111111,6.838980555555556,5.061118888888889,16.9031725,17.0379,34372.0,0.09320166666666665,335526,30.0,1546740,60853895,6b40a29712d8ca5eb90c5bb7bd82c14a33563a55ead553b97ad05916bececb13,False,board-v2/fifo512/replay-1.csv
fifo512,0,replay,2,180,58.836022,3.05935025,0.8590266666666666,4.0392133333333335,6.859133333333333,5.091348055555556,16.996390277777778,16.9868,34372.0,0.09189583333333334,330825,30.05,1546740,61189618,6b40a29712d8ca5eb90c5bb7bd82c14a33563a55ead553b97ad05916bececb13,False,board-v2/fifo512/replay-2.csv
fifo16,0,full,0,180,13.838622,13.0070751,1.0050597222222222,56.46872055555556,9.475568055555556,5.176744444444444,72.26152833333333,83.60125,30951.555555555555,2.2537072222222223,8113346,197.35,1392820,260143789,36b43945a9561876a876995befe1df42adc74be3a71d8ad747685c2708025b32,True,board-v2/fifo16/r0-s0-full.csv
fifo16,0,grouped,0,180,14.953223,12.03753845,1.0296641666666666,45.84867861111111,9.497110277777779,10.359101111111112,66.8752136111111,67.0756,30951.555555555555,2.2292827777777777,8025418,197.45,1392820,240753300,36b43945a9561876a876995befe1df42adc74be3a71d8ad747685c2708025b32,True,board-v2/fifo16/r0-s0-grouped.csv
fifo16,0,retained,0,180,57.888676,3.1094164,1.0147866666666667,6.945385555555555,2.862096111111111,6.305586666666667,17.274535555555556,17.0683,3578.6666666666665,1.5628213888888887,5626157,228.0,161040,62190921,36b43945a9561876a876995befe1df42adc74be3a71d8ad747685c2708025b32,True,board-v2/fifo16/r0-s0-retained.csv
fifo16,1800,full,0,180,14.952831,12.037854,0.8705236111111111,45.551140277777776,7.983263611111111,12.335650555555556,66.87696666666666,67.1241,24140.88888888889,2.2119886111111113,7963159,197.25,1086340,240759516,fee14c5923ad188a5b4fb5509eb7fe52eced9c80a7357fb9d85f6d098109c42b,True,board-v2/fifo16/r0-s1800-full.csv
fifo16,1800,grouped,0,180,19.646755,9.1618183,0.8699230555555555,36.57003611111111,8.118321388888889,5.202579722222222,50.89899055555556,50.66595,24140.88888888889,2.2850844444444443,8226304,198.1,1086340,183238666,fee14c5923ad188a5b4fb5509eb7fe52eced9c80a7357fb9d85f6d098109c42b,True,board-v2/fifo16/r0-s1800-grouped.csv
fifo16,1800,retained,0,180,58.240577,3.0906287,0.9040011111111111,5.930138055555555,2.653940277777778,7.544774722222222,17.170159444444444,17.05475,3235.5555555555557,1.4705372222222224,5293934,228.1,145600,61815100,fee14c5923ad188a5b4fb5509eb7fe52eced9c80a7357fb9d85f6d098109c42b,True,board-v2/fifo16/r0-s1800-retained.csv
fifo16,3600,full,0,180,19.864242,9.0615084,0.8028727777777778,33.68037916666667,6.966352777777778,8.75711,50.34171333333333,50.4799,18724.0,2.2732852777777777,8183827,194.9,842580,181232646,671fde9f6490eb3f3f4f5ee7bbd7a941398816050894f091e514c2e58e7973cb,True,board-v2/fifo16/r0-s3600-full.csv
fifo16,3600,grouped,0,180,19.938736,9.0276536,0.7727563888888889,27.742865833333333,6.903714444444444,14.582324722222221,50.15363111111111,50.3874,18724.0,2.293327777777778,8255980,197.85,842580,180555701,671fde9f6490eb3f3f4f5ee7bbd7a941398816050894f091e514c2e58e7973cb,True,board-v2/fifo16/r0-s3600-grouped.csv
fifo16,3600,retained,0,180,58.828501,3.0597414,0.8601111111111112,5.9633775,2.7828366666666664,7.251484444444444,16.998563333333333,17.00615,3455.5555555555557,1.5378280555555557,5536181,227.95,155500,61197383,671fde9f6490eb3f3f4f5ee7bbd7a941398816050894f091e514c2e58e7973cb,True,board-v2/fifo16/r0-s3600-retained.csv
fifo16,0,full,1,180,13.982212,12.87349945,1.0246205555555554,56.18938388888889,9.602206666666666,4.5800225,71.5194413888889,83.5996,30951.555555555555,2.241356666666667,8068884,197.95,1392820,257472527,36b43945a9561876a876995befe1df42adc74be3a71d8ad747685c2708025b32,False,board-v2/fifo16/r1-s0-full.csv
fifo16,0,grouped,1,180,14.95323,12.03753325,1.034823611111111,45.84799388888889,9.476421944444445,10.3805625,66.87518472222222,67.0909,30951.555555555555,2.234081388888889,8042693,197.5,1392820,240753019,36b43945a9561876a876995befe1df42adc74be3a71d8ad747685c2708025b32,False,board-v2/fifo16/r1-s0-grouped.csv
fifo16,0,retained,1,180,58.201683,3.09269405,1.0483577777777777,6.864082777777778,2.8130344444444444,6.307555277777778,17.18163361111111,17.1063,3578.6666666666665,1.5516002777777778,5585761,228.3,161040,61856538,36b43945a9561876a876995befe1df42adc74be3a71d8ad747685c2708025b32,False,board-v2/fifo16/r1-s0-retained.csv
fifo16,1800,full,1,180,14.953217,12.03754335,0.9043425,45.386381944444445,7.954590833333333,12.495873611111112,66.87524083333334,67.0544,24140.88888888889,2.221220277777778,7996393,195.2,1086340,240753195,fee14c5923ad188a5b4fb5509eb7fe52eced9c80a7357fb9d85f6d098109c42b,False,board-v2/fifo16/r1-s1800-full.csv
fifo16,1800,grouped,1,180,19.64674,9.16182555,0.8708322222222222,36.438071666666666,8.125845,5.318149722222222,50.899030833333335,51.2069,24140.88888888889,2.2756172222222224,8192222,196.25,1086340,183239016,fee14c5923ad188a5b4fb5509eb7fe52eced9c80a7357fb9d85f6d098109c42b,False,board-v2/fifo16/r1-s1800-grouped.csv
fifo16,1800,retained,1,180,58.20151,3.09270325,0.9472572222222222,6.015500277777778,2.598113888888889,7.4775325,17.181684722222222,17.0314,3235.5555555555557,1.4714930555555554,5297375,228.2,145600,61865264,fee14c5923ad188a5b4fb5509eb7fe52eced9c80a7357fb9d85f6d098109c42b,False,board-v2/fifo16/r1-s1800-retained.csv
fifo16,3600,full,1,180,19.937842,9.02805845,0.7657613888888889,33.86602138888889,6.949712777777778,8.422891944444444,50.155880277777776,50.366,18724.0,2.3054275,8299539,196.65,842580,180563787,671fde9f6490eb3f3f4f5ee7bbd7a941398816050894f091e514c2e58e7973cb,False,board-v2/fifo16/r1-s3600-full.csv
fifo16,3600,grouped,1,180,19.937842,9.0280581,0.7717183333333334,27.687225555555557,6.980094722222222,14.541214444444444,50.155878333333334,50.35575,18724.0,2.2711216666666667,8176038,197.0,842580,180563579,671fde9f6490eb3f3f4f5ee7bbd7a941398816050894f091e514c2e58e7973cb,False,board-v2/fifo16/r1-s3600-grouped.csv
fifo16,3600,retained,1,180,59.161171,3.04253615,0.8545797222222222,6.075049444444445,2.75574,7.073305277777778,16.90297861111111,17.0316,3455.5555555555557,1.5322069444444446,5515945,227.7,155500,60853184,671fde9f6490eb3f3f4f5ee7bbd7a941398816050894f091e514c2e58e7973cb,False,board-v2/fifo16/r1-s3600-retained.csv
fifo16,0,full,2,180,14.000937,12.8562826,1.0226897222222222,56.12889194444445,9.541540833333334,4.587087777777778,71.42379222222222,83.6022,30951.555555555555,2.2566608333333336,8123979,197.3,1392820,257128432,36b43945a9561876a876995befe1df42adc74be3a71d8ad747685c2708025b32,False,board-v2/fifo16/r2-s0-full.csv
fifo16,0,grouped,2,180,14.953929,12.0369707,1.0105280555555556,45.67468111111111,9.527324166666666,10.516325,66.87205944444445,67.1737,30951.555555555555,2.229321111111111,8025556,198.25,1392820,240741978,36b43945a9561876a876995befe1df42adc74be3a71d8ad747685c2708025b32,False,board-v2/fifo16/r2-s0-grouped.csv
fifo16,0,retained,2,180,58.201601,3.09269845,0.9827944444444445,6.910315555555556,2.7957394444444446,6.345473611111111,17.181658055555555,17.09535,3578.6666666666665,1.5513133333333333,5584728,228.55,161040,61856456,36b43945a9561876a876995befe1df42adc74be3a71d8ad747685c2708025b32,False,board-v2/fifo16/r2-s0-retained.csv
fifo16,1800,full,2,180,14.953232,12.03753125,0.8878869444444445,45.04485666666667,7.992963611111111,12.810458888888888,66.87517361111111,67.1458,24140.88888888889,2.2277686111111112,8019967,196.95,1086340,240753045,fee14c5923ad188a5b4fb5509eb7fe52eced9c80a7357fb9d85f6d098109c42b,False,board-v2/fifo16/r2-s1800-full.csv
fifo16,1800,grouped,2,180,19.646754,9.16181875,0.8604166666666666,36.331715833333334,8.23046,5.331213888888889,50.89899305555556,50.70075,24140.88888888889,2.272603888888889,8181374,198.25,1086340,183238961,fee14c5923ad188a5b4fb5509eb7fe52eced9c80a7357fb9d85f6d098109c42b,False,board-v2/fifo16/r2-s1800-grouped.csv
fifo16,1800,retained,2,180,58.517896,3.0759821,0.9212111111111111,5.980010277777778,2.6737191666666664,7.37548,17.088789444444444,17.0681,3235.5555555555557,1.4749055555555555,5309660,228.15,145600,61522043,fee14c5923ad188a5b4fb5509eb7fe52eced9c80a7357fb9d85f6d098109c42b,False,board-v2/fifo16/r2-s1800-retained.csv
fifo16,3600,full,2,180,19.902283,9.0441887,0.8050586111111111,33.69684861111111,7.050490555555556,8.551307222222222,50.24549277777778,50.40895,18724.0,2.290955,8247438,196.25,842580,180886458,671fde9f6490eb3f3f4f5ee7bbd7a941398816050894f091e514c2e58e7973cb,False,board-v2/fifo16/r2-s3600-full.csv
fifo16,3600,grouped,2,180,19.937839,9.0280597,0.7739677777777777,27.738105555555556,6.935004444444444,14.569385555555556,50.15588722222222,50.3983,18724.0,2.257036388888889,8125331,197.4,842580,180563621,671fde9f6490eb3f3f4f5ee7bbd7a941398816050894f091e514c2e58e7973cb,False,board-v2/fifo16/r2-s3600-grouped.csv
fifo16,3600,retained,2,180,59.829363,3.0085562,0.8125152777777778,5.971878333333334,2.792579722222222,6.990809444444444,16.714201111111112,16.996,3455.5555555555557,1.5443633333333335,5559708,228.85,155500,60173730,671fde9f6490eb3f3f4f5ee7bbd7a941398816050894f091e514c2e58e7973cb,False,board-v2/fifo16/r2-s3600-retained.csv
fifo16,0,replay,0,180,58.837765,3.05925965,0.8609483333333334,4.148425,8.666593888888888,3.1798875,16.995886944444443,17.04885,34372.0,1.6075100000000002,5787036,180.35,1546740,61187686,6b40a29712d8ca5eb90c5bb7bd82c14a33563a55ead553b97ad05916bececb13,False,board-v2/fifo16/replay-0.csv
fifo16,0,replay,1,180,58.517729,3.07599085,0.9304747222222223,4.1206072222222225,8.683246111111112,3.222937777777778,17.088838055555556,17.1344,34372.0,1.6081041666666667,5789175,180.5,1546740,61522295,6b40a29712d8ca5eb90c5bb7bd82c14a33563a55ead553b97ad05916bececb13,False,board-v2/fifo16/replay-1.csv
fifo16,0,replay,2,180,58.517941,3.07597975,0.8595486111111111,4.1455794444444445,8.707288888888888,3.2358541666666665,17.08877638888889,17.10935,34372.0,1.6151622222222222,5814584,180.3,1546740,61522058,6b40a29712d8ca5eb90c5bb7bd82c14a33563a55ead553b97ad05916bececb13,False,board-v2/fifo16/replay-2.csv
mailbox,0,full,0,180,11.975992,15.03007,1.0048352777777778,56.00871222222222,11.971283055555556,14.3893025,83.50038888888889,83.872,30951.555555555555,4.393036388888889,15814931,229.7,1392820,300603798,36b43945a9561876a876995befe1df42adc74be3a71d8ad747685c2708025b32,True,board-v2/mailbox/r0-s0-full.csv
mailbox,0,grouped,0,180,14.952671,12.0379834,1.0240469444444444,45.71285777777778,12.040918055555556,7.955301944444444,66.87768555555556,67.0771,30951.555555555555,4.415076666666667,15894276,231.05,1392820,240762137,36b43945a9561876a876995befe1df42adc74be3a71d8ad747685c2708025b32,True,board-v2/mailbox/r0-s0-grouped.csv
mailbox,0,retained,0,180,57.578991,3.1261402,0.9647080555555555,6.9742033333333335,3.448358611111111,5.839145555555556,17.367445555555555,17.4916,3578.6666666666665,2.1157952777777775,7616863,230.8,161040,62525184,36b43945a9561876a876995befe1df42adc74be3a71d8ad747685c2708025b32,True,board-v2/mailbox/r0-s0-retained.csv
mailbox,1800,full,0,180,14.953232,12.03753105,0.8944969444444445,44.64498805555556,9.982219722222222,11.213536666666666,66.8751725,67.11875,24140.88888888889,3.941311944444444,14188723,231.2,1086340,240753250,fee14c5923ad188a5b4fb5509eb7fe52eced9c80a7357fb9d85f6d098109c42b,True,board-v2/mailbox/r0-s1800-full.csv
mailbox,1800,grouped,0,180,19.610089,9.17894855,0.8949405555555555,36.62497527777778,10.106715,3.2372655555555556,50.99415861111111,52.72605,24140.88888888889,3.9960386111111115,14385739,230.55,1086340,183581410,fee14c5923ad188a5b4fb5509eb7fe52eced9c80a7357fb9d85f6d098109c42b,True,board-v2/mailbox/r0-s1800-grouped.csv
mailbox,1800,retained,0,180,58.518025,3.0759753,0.9478466666666666,5.96308,3.345000277777778,6.700088055555556,17.088751666666667,17.01955,3235.5555555555557,2.0892608333333333,7521339,231.35,145600,61521864,fee14c5923ad188a5b4fb5509eb7fe52eced9c80a7357fb9d85f6d098109c42b,True,board-v2/mailbox/r0-s1800-retained.csv
mailbox,3600,full,0,180,19.827673,9.0782211,0.7668536111111112,33.700470277777775,8.506536944444443,7.332946111111111,50.43456166666667,50.53415,18724.0,3.618740555555555,13027466,230.9,842580,181566882,671fde9f6490eb3f3f4f5ee7bbd7a941398816050894f091e514c2e58e7973cb,True,board-v2/mailbox/r0-s3600-full.csv
mailbox,3600,grouped,0,180,19.937828,9.02806465,0.7862563888888888,27.8629025,8.418973888888887,12.959293611111113,50.15591472222222,50.34165,18724.0,3.575526111111111,12871894,231.8,842580,180563647,671fde9f6490eb3f3f4f5ee7bbd7a941398816050894f091e514c2e58e7973cb,True,board-v2/mailbox/r0-s3600-grouped.csv
mailbox,3600,retained,0,180,59.487993,3.0258207,0.8079588888888889,5.968704444444445,3.371611111111111,6.517502777777778,16.810115,16.964,3455.5555555555557,2.1055075,7579827,230.55,155500,60518915,671fde9f6490eb3f3f4f5ee7bbd7a941398816050894f091e514c2e58e7973cb,True,board-v2/mailbox/r0-s3600-retained.csv
mailbox,0,full,1,180,11.963693,15.04552145,1.0232547222222224,56.533233055555556,12.052133333333334,13.849198888888887,83.58623027777777,83.9366,30951.555555555555,4.379856111111111,15767482,230.55,1392820,300912698,36b43945a9561876a876995befe1df42adc74be3a71d8ad747685c2708025b32,False,board-v2/mailbox/r1-s0-full.csv
mailbox,0,grouped,1,180,14.748372,12.204737,0.9945919444444445,45.72493111111111,11.983211388888888,8.961297777777778,67.80409444444444,83.5949,30951.555555555555,4.4235625,15924825,230.9,1392820,244097178,36b43945a9561876a876995befe1df42adc74be3a71d8ad747685c2708025b32,False,board-v2/mailbox/r1-s0-grouped.csv
mailbox,0,retained,1,180,57.883774,3.10967975,0.9883030555555555,6.933206388888889,3.457935277777778,5.742556944444444,17.27599861111111,17.1583,3578.6666666666665,2.110031111111111,7596112,231.85,161040,62196330,36b43945a9561876a876995befe1df42adc74be3a71d8ad747685c2708025b32,False,board-v2/mailbox/r1-s0-retained.csv
mailbox,1800,full,1,180,14.953848,12.0370355,0.89884,44.90500083333333,9.959170555555556,10.969036388888888,66.87241944444445,67.0766,24140.88888888889,3.9562225,14242401,230.5,1086340,240743323,fee14c5923ad188a5b4fb5509eb7fe52eced9c80a7357fb9d85f6d098109c42b,False,board-v2/mailbox/r1-s1800-full.csv
mailbox,1800,grouped,1,180,19.610993,9.1785256,0.8684888888888889,36.58993888888889,10.039432222222223,3.355563611111111,50.99180888888889,53.2939,24140.88888888889,4.013115277777778,14447215,231.4,1086340,183572933,fee14c5923ad188a5b4fb5509eb7fe52eced9c80a7357fb9d85f6d098109c42b,False,board-v2/mailbox/r1-s1800-grouped.csv
mailbox,1800,retained,1,180,58.194383,3.093082,0.8811991666666666,5.869463055555555,3.3846191666666665,6.907468055555556,17.183788888888888,17.09025,3235.5555555555557,2.0901875,7524675,232.2,145600,61863943,fee14c5923ad188a5b4fb5509eb7fe52eced9c80a7357fb9d85f6d098109c42b,False,board-v2/mailbox/r1-s1800-retained.csv
mailbox,3600,full,1,180,19.937831,9.0280634,0.7908672222222223,33.86933972222222,8.432560555555556,6.926440555555556,50.15590777777778,50.48255,18724.0,3.633899722222222,13082039,231.0,842580,180563681,671fde9f6490eb3f3f4f5ee7bbd7a941398816050894f091e514c2e58e7973cb,False,board-v2/mailbox/r1-s3600-full.csv
mailbox,3600,grouped,1,180,19.937845,9.02805705,0.7873927777777777,27.655384166666668,8.4695225,13.104023055555556,50.1558725,50.3948,18724.0,3.577041944444445,12877351,231.35,842580,180563764,671fde9f6490eb3f3f4f5ee7bbd7a941398816050894f091e514c2e58e7973cb,False,board-v2/mailbox/r1-s3600-grouped.csv
mailbox,3600,retained,1,180,59.818425,3.0091063,0.7982555555555555,5.976876388888889,3.4197405555555553,6.385030555555556,16.717257222222223,16.9498,3455.5555555555557,2.107587222222222,7587314,230.7,155500,60184601,671fde9f6490eb3f3f4f5ee7bbd7a941398816050894f091e514c2e58e7973cb,False,board-v2/mailbox/r1-s3600-retained.csv
mailbox,0,full,2,180,11.962507,15.0470132,1.0244394444444445,57.307050833333335,11.923380277777778,13.209005277777777,83.59451777777778,83.8696,30951.555555555555,4.394646111111111,15820726,229.85,1392820,300942619,36b43945a9561876a876995befe1df42adc74be3a71d8ad747685c2708025b32,False,board-v2/mailbox/r2-s0-full.csv
mailbox,0,grouped,2,180,14.953218,12.03754255,0.9991122222222223,45.420814166666666,12.016743888888888,8.293729722222222,66.8752363888889,67.07415,30951.555555555555,4.426098888888889,15933956,231.0,1392820,240753414,36b43945a9561876a876995befe1df42adc74be3a71d8ad747685c2708025b32,False,board-v2/mailbox/r2-s0-grouped.csv
mailbox,0,retained,2,180,57.575466,3.1263316,0.969285,6.931453888888889,3.4669733333333337,5.846951388888889,17.36850888888889,17.06905,3578.6666666666665,2.1111483333333334,7600134,231.55,161040,62529163,36b43945a9561876a876995befe1df42adc74be3a71d8ad747685c2708025b32,False,board-v2/mailbox/r2-s0-retained.csv
mailbox,1800,full,2,180,14.953237,12.03752735,0.9052725,45.25373583333333,9.962435555555556,10.615894722222222,66.87515194444444,67.08075,24140.88888888889,3.964562777777778,14272426,230.55,1086340,240753086,fee14c5923ad188a5b4fb5509eb7fe52eced9c80a7357fb9d85f6d098109c42b,False,board-v2/mailbox/r2-s1800-full.csv
mailbox,1800,grouped,2,180,19.610984,9.1785299,0.8718538888888889,36.402766944444444,10.187239166666666,3.400366111111111,50.99183277777778,53.0453,24140.88888888889,4.016869722222222,14460731,231.5,1086340,183572979,fee14c5923ad188a5b4fb5509eb7fe52eced9c80a7357fb9d85f6d098109c42b,False,board-v2/mailbox/r2-s1800-grouped.csv
mailbox,1800,retained,2,180,58.201619,3.09269745,0.8998363888888888,5.941476944444444,3.351774722222222,6.832197222222222,17.1816525,17.07695,3235.5555555555557,2.0859305555555556,7509350,231.55,145600,61856437,fee14c5923ad188a5b4fb5509eb7fe52eced9c80a7357fb9d85f6d098109c42b,False,board-v2/mailbox/r2-s1800-retained.csv
mailbox,3600,full,2,180,19.864257,9.06150165,0.8076575,33.78040388888889,8.363863055555555,7.2536080555555555,50.34167583333333,50.4546,18724.0,3.6248466666666666,13049448,230.45,842580,181232323,671fde9f6490eb3f3f4f5ee7bbd7a941398816050894f091e514c2e58e7973cb,False,board-v2/mailbox/r2-s3600-full.csv
mailbox,3600,grouped,2,180,19.901692,9.0444572,0.7994138888888889,27.739719166666667,8.37918,13.192083888888888,50.24698444444444,50.4161,18724.0,3.588535555555556,12918728,231.0,842580,180891677,671fde9f6490eb3f3f4f5ee7bbd7a941398816050894f091e514c2e58e7973cb,False,board-v2/mailbox/r2-s3600-grouped.csv
mailbox,3600,retained,2,180,59.488022,3.0258192,0.7987019444444445,5.937309166666667,3.42098,6.515648055555556,16.810106666666666,17.02435,3455.5555555555557,2.1097025,7594929,231.4,155500,60518878,671fde9f6490eb3f3f4f5ee7bbd7a941398816050894f091e514c2e58e7973cb,False,board-v2/mailbox/r2-s3600-retained.csv
mailbox,0,replay,0,180,47.638388,3.7784654,0.9012472222222222,4.054946388888889,11.643025277777777,4.258046944444444,20.991474444444446,33.4413,34372.0,3.906472222222222,14063300,230.95,1546740,75571711,6b40a29712d8ca5eb90c5bb7bd82c14a33563a55ead553b97ad05916bececb13,False,board-v2/mailbox/replay-0.csv
mailbox,0,replay,1,180,47.849382,3.76180405,0.9160197222222223,3.975323611111111,11.678522777777777,4.1969,20.898911388888887,33.44205,34372.0,3.9078755555555555,14068352,231.1,1546740,75238572,6b40a29712d8ca5eb90c5bb7bd82c14a33563a55ead553b97ad05916bececb13,False,board-v2/mailbox/replay-1.csv
mailbox,0,replay,2,180,49.390081,3.6444565,0.8687044444444445,4.051485277777778,11.641454166666666,3.5468105555555556,20.246980555555556,33.44105,34372.0,3.9049627777777776,14057866,231.05,1546740,72891325,6b40a29712d8ca5eb90c5bb7bd82c14a33563a55ead553b97ad05916bececb13,False,board-v2/mailbox/replay-2.csv
