frame,state_hash,display_count,logic_ns,api_ns,swap_ns,wait_ns,total_ns,completion_interval_ns,polls,worker_inclusive_ns,upload_inclusive_ns,write_ns,read_ns,write_bytes,read_bytes,write_calls,read_calls
0,3653798554,5993,696350,12358700,30517900,4316400,47889350,47901000,1,30341550,9389150,9200750,0,18652,0,5,0
1,4254654458,5994,682350,12142450,29515050,9434300,51774150,51916750,2,29344350,9839650,9604750,0,18652,0,5,0
2,258432485,5995,689950,12181350,28028000,6989150,47888450,48029300,2,27853550,8344550,8171450,0,18652,0,5,0
3,872827290,5996,683250,12252050,36048650,2956450,51940400,52077500,1,35882200,10444500,10214100,0,18652,0,5,0
4,30312805,5997,682200,12548950,28887350,5508950,47627450,47767550,1,28704250,9115750,8926850,0,18652,0,5,0
5,4016430808,5998,722500,12369450,29000350,9206200,51298500,52147400,2,28819950,9095850,8893150,0,18652,0,5,0
6,3012967645,5999,692100,12329550,28176850,6654100,47852600,47982950,2,28000300,8333450,8162850,0,18652,0,5,0
7,3593359732,6000,689950,12077900,28500750,10592200,51860800,51997350,3,28331400,8331350,8164100,0,18652,0,5,0
8,2714884843,6001,689150,12165700,29491050,5426800,47772700,47908350,1,29318000,9089650,8899000,0,18972,0,5,0
9,1754706848,6002,685700,12003950,28551100,10721950,51962700,52095750,3,28380350,8323250,8161000,0,18972,0,5,0
10,634139175,6003,684850,12043450,30939800,4294450,47962550,48095100,1,30767050,9201600,9006800,0,18652,0,5,0
11,2225001302,6004,685050,12087500,28674450,10347400,51794400,51930550,3,28500300,8566000,8386500,0,18652,0,5,0
12,3881591779,6005,682050,12058150,29522800,5449800,47712800,47840850,1,29343950,9104050,8918450,0,18652,0,5,0
13,2688998526,6006,694750,12085150,28518750,10695500,51994150,52128900,3,28346200,8331650,8163150,0,18652,0,5,0
14,3733755993,6007,686900,12053450,28428200,6699450,47868000,48000050,2,28246850,8320100,8145500,0,18652,0,5,0
15,4110562030,6008,693150,12035600,28440200,10706900,51875850,52012050,3,28265850,8328450,8158450,0,18652,0,5,0
16,2165534041,6009,684700,12057550,28469350,6640900,47852500,47985750,2,28298500,8417000,8235600,0,18652,0,5,0
17,51482660,6010,693850,12067700,28280600,10830400,51872550,52006150,3,28111800,8351800,8180400,0,18652,0,5,0
18,1808653113,6011,693600,12032400,28296400,6876300,47898700,48030600,2,28124350,8349700,8174450,0,18652,0,5,0
19,3012136936,6012,689400,12157100,28282200,10710350,51839050,51970100,3,28112100,8333100,8165600,0,18652,0,5,0
20,1547905167,6013,686250,12017100,29086500,6094300,47884150,48016200,2,28913450,9156050,8970450,0,18652,0,5,0
21,2010544228,6014,698400,12103150,28212550,10857900,51872000,52013500,3,28040900,8352650,8180600,0,18652,0,5,0
22,2331187115,6015,687650,12094450,28213050,6843750,47838900,47968500,2,28040950,8351050,8175150,0,18652,0,5,0
23,591091010,6016,690750,12144550,28275500,15032400,56143200,56281150,3,28101050,8314950,8145250,0,18652,0,5,0
24,3337222943,6017,728850,15104150,28194250,19568300,63595550,63728800,5,28018150,8322700,8142500,0,18652,0,5,0
25,541067522,6018,705700,12083900,28481700,6616250,47887550,48019200,2,28310800,8336600,8171150,0,18652,0,5,0
26,1909576061,6019,685500,12048600,28394600,10715600,51844300,51974150,3,28222500,8340300,8168100,0,18652,0,5,0
27,3576416482,6020,688350,12052550,28455000,6662550,47858450,47994400,2,28285300,8349450,8181450,0,18652,0,5,0
28,2786439485,6021,695400,12029650,28270300,10919150,51914500,52048400,3,28097550,8330250,8152700,0,18652,0,5,0
29,1931780192,6022,692300,12076200,28277500,6779900,47825900,47958500,2,28105350,8348100,8178350,0,18652,0,5,0
30,1799980229,6023,693700,12119100,29383550,9661900,51858250,51993100,2,29207050,9513550,9309900,0,18652,0,5,0
31,3538847580,6024,696050,12155700,28240900,6797850,47890500,48025700,2,28067900,8345200,8176500,0,18652,0,5,0
32,3831628403,6025,680400,12065300,28318950,11103650,52168300,52298400,3,28149400,8396250,8221700,0,18972,0,5,0
33,1903038664,6026,696300,12076250,28528100,6235000,47535650,47664700,2,28354000,8651800,8479650,0,18972,0,5,0
34,3410263823,6027,694600,12042600,28326600,10846550,51910350,52046600,3,28156400,8419800,8242800,0,18652,0,5,0
35,3263986894,6028,723800,12229800,29772150,4461300,47187050,48017900,1,28884100,9149700,8944700,0,18652,0,5,0
36,2175892875,6029,704000,12128900,28205550,10796550,51835000,51969500,3,28027450,8405600,8228650,0,18652,0,5,0
37,1813748966,6030,700600,12442950,28183600,6610900,47938050,48073500,2,28011250,8405450,8227200,0,18652,0,5,0
38,833434417,6031,688750,12106900,28201550,10885350,51882550,52016500,3,28026600,8386700,8208750,0,18652,0,5,0
39,4097282166,6032,689700,12038550,28332650,6693800,47754700,47887300,2,28155400,8400250,8229200,0,18652,0,5,0
40,192773425,6033,688750,12118850,28281300,10885500,51974400,52107600,3,28110200,8402600,8226800,0,18652,0,5,0
41,858826700,6034,706150,12280500,29334800,5433000,47754450,47896350,1,29161500,9158100,8449000,0,18652,0,5,0
42,1950483681,6035,705800,12309100,28213100,10633750,51861750,51998350,3,28042250,8384050,8208850,0,18652,0,5,0
43,575738928,6036,695100,12186500,28321300,6663800,47866700,47999000,2,28148650,8414250,8242100,0,18652,0,5,0
44,1359536727,6037,685300,19829650,28448000,18930350,67893300,68028950,5,28270200,8390300,8219200,0,18652,0,5,0
45,3117637717,6038,686250,12385650,28536250,6241150,47849300,47982150,2,28359300,8639950,8458350,0,18652,0,5,0
46,2557278958,6039,687350,12031550,28351100,10792950,51862950,51996250,3,28175850,8392250,8216650,0,18652,0,5,0
47,3928984507,6040,690500,12074850,28344150,6833750,47943250,48075250,2,28166300,8407800,8236550,0,18652,0,5,0
48,3279099526,6041,670850,12134400,28234600,10843550,51883400,52015850,3,28058200,8386950,8215150,0,18652,0,5,0
49,3402996575,6042,682550,12107650,29431400,5403350,47624950,47757550,1,29257050,9168700,8991300,0,18652,0,5,0
50,1848951628,6043,686600,12138150,28305100,10877600,52007450,52140600,3,28128050,8390400,8208600,0,18652,0,5,0
51,3328119971,6044,708150,12193600,28339750,6630450,47871950,48010650,2,28170150,8396850,8227650,0,18652,0,5,0
52,536923704,6045,672600,12148700,28258550,10769750,51849600,51981600,3,28088400,8396000,8217850,0,18652,0,5,0
53,991563721,6046,689650,12153350,29525150,5361900,47730050,47862150,1,29353100,9190350,9009250,0,18652,0,5,0
54,2482503020,6047,680150,12193000,28361500,10810050,52044700,52180600,3,28192150,8385150,8211750,0,18652,0,5,0
55,3320786401,6048,678700,12277500,28341900,6532450,47830550,47958800,2,28173100,8394250,8228050,0,18652,0,5,0
56,1307572882,6049,678950,12045300,28599950,10543900,51868100,52003000,3,28430900,8379100,8206300,0,18972,0,5,0
57,1045847897,6050,686350,12020000,29739050,5445250,47890650,48023550,1,29556900,9177950,8985850,0,18972,0,5,0
58,2886179050,6051,681800,12029600,28495900,10635800,51843100,51974050,3,28321250,8332350,8157900,0,18652,0,5,0
59,961732807,6052,685450,12021950,28498450,6658300,47864150,47996400,2,28320100,8337450,8164950,0,18652,0,5,0
60,1947062354,6053,681750,12024950,32524950,6664650,51896300,52032000,2,32350800,8333950,8165750,0,18652,0,5,0
61,2075511931,6054,670450,13860300,29230350,4163800,47924900,48056200,1,29045950,9292000,9091100,0,18652,0,5,0
62,2408546800,6055,670650,12083300,28391650,10640750,51786350,51922800,3,28216550,8339300,8161650,0,18652,0,5,0
63,460493639,6056,679850,12049200,28480800,6649300,47859150,47994100,2,28309900,8338350,8169350,0,18652,0,5,0
64,1463678916,6057,678250,12053350,37894450,17289500,67915550,68052850,4,37719050,9044550,8852600,0,18652,0,5,0
65,3795713909,6058,718500,12205550,29857150,4412650,47193850,48023550,1,29678850,9538700,9350450,0,18652,0,5,0
66,1056688136,6059,679500,12097950,28401200,10621550,51800200,51937500,3,28223700,8316750,8141250,0,18652,0,5,0
67,202923725,6060,681900,12208350,28658800,6304050,47853100,47989100,2,28486400,8582350,8408650,0,18652,0,5,0
68,4012539606,6061,683150,12059500,28442500,10695450,51880600,52014600,3,28268900,8310900,8135050,0,18652,0,5,0
69,1087445485,6062,687600,11991500,28573750,6603800,47856650,47989750,2,28394550,8355300,8183950,0,18652,0,5,0
70,491589414,6063,683200,11993750,28427750,11745000,52849700,52981300,3,28257650,8318200,8139950,0,18652,0,5,0
71,1293200275,6064,709450,11979050,29701450,4588950,46978900,47102850,1,29526400,9606900,9415100,0,18652,0,5,0
72,1737595726,6065,684750,12076400,28371800,10649250,51782200,51911450,3,28200550,8332150,8159750,0,18652,0,5,0
73,2173390039,6066,682000,12059700,28503950,6945250,48190900,48323150,2,28329700,8349200,8180950,0,18652,0,5,0
74,2060004372,6067,684850,12015400,28200300,10655950,51556500,51687500,3,28031800,8325200,8147250,0,18652,0,5,0
75,668607547,6068,687100,11972200,28381950,6808000,47849250,47984950,2,28209950,8361300,8190200,0,18652,0,5,0
76,3409034624,6069,681450,11991500,28320950,10881700,51875600,52007950,3,28148200,8345800,8161850,0,18652,0,5,0
77,66914193,6070,691150,11998600,28350500,6846300,47886550,48016800,2,28181600,8359700,8183300,0,18652,0,5,0
78,2553907572,6071,670650,12387800,28163350,10632100,51853900,51982800,3,27985100,8292200,8111850,0,18652,0,5,0
79,890390073,6072,688950,12012800,28352100,6801550,47855400,47990400,2,28176850,8357400,8184350,0,18652,0,5,0
80,2223873098,6073,674600,11998100,29780450,9457700,51910850,52042350,2,29600800,9809900,9591850,0,18972,0,5,0
81,2336881585,6074,679600,13497850,29553050,4170900,47901400,48032300,1,29374950,9685900,9473600,0,18972,0,5,0
82,4135459074,6075,681550,12062750,28485600,10574950,51804850,51938150,3,28308300,8324400,8150850,0,18652,0,5,0
83,1986260127,6076,682100,11987650,28351700,6963450,47984900,48116600,2,28181850,8358950,8189750,0,18652,0,5,0
84,353344474,6077,670800,12082700,35552500,3630900,51936900,52063800,1,35377050,8343150,8173150,0,18652,0,5,0
85,3169575603,6078,687750,11996700,28217500,6777700,47679650,47808100,2,28047500,8342700,8177100,0,18652,0,5,0
86,210205944,6079,679150,12194700,28705550,10318000,51897400,52030350,3,28533850,8543500,8372250,0,18652,0,5,0
87,1677393503,6080,675650,12173700,28341750,6650550,47841650,47974100,2,28170600,8345750,8179550,0,18652,0,5,0
88,3832728684,6081,681400,12143550,28162000,10874100,51861050,51992500,3,27988350,8315800,8139500,0,18652,0,5,0
89,2074852568,6082,683750,12156150,28258100,6763850,47861850,47995450,2,28087500,8342250,8176250,0,18652,0,5,0
90,1464943173,6083,679200,12171400,28444450,10587950,51883000,52014150,3,28274900,8329900,8161850,0,18652,0,5,0
91,315990800,6084,688200,12147600,30732500,4378900,47947200,48078850,1,30560150,9186950,8998850,0,18652,0,5,0
92,1451405891,6085,677750,12030550,28402100,10667200,51777600,51910250,3,28228350,8317250,8134750,0,18652,0,5,0
93,3196408848,6086,685650,11988250,28559450,6653850,47887200,48023000,2,28386100,8334100,8166300,0,18652,0,5,0
94,141073587,6087,677300,11984000,28413350,10782150,51856800,51985700,3,28233600,8328700,8157300,0,18652,0,5,0
95,3576439062,6088,717250,12053050,29144950,5256750,47172000,48021050,1,28967950,9082350,8878200,0,18652,0,5,0
96,2798564443,6089,696900,12098500,28353400,10730050,51878850,52010200,3,28175650,8304500,8133600,0,18652,0,5,0
97,3409362634,6090,679850,12119450,28468950,6565400,47833650,47963050,2,28296800,8346600,8181050,0,18652,0,5,0
98,1459202337,6091,682400,12046900,28372750,10776000,51878050,52009550,3,28196500,8319800,8148250,0,18652,0,5,0
99,1984418334,6092,698450,11971800,28544050,6660500,47874800,48007750,2,28371850,8348350,8183050,0,18652,0,5,0
100,2690152925,6093,681250,11980400,28389150,10804250,51855050,51981300,3,28212150,8325550,8155150,0,18652,0,5,0
101,2607809844,6094,684600,13925250,30168700,3186400,47964950,48095100,1,29989250,10318650,10081400,0,18652,0,5,0
102,3522750362,6095,677350,12087500,28193900,10853550,51812300,51944200,3,28020050,8341000,8164850,0,18652,0,5,0
103,2368404599,6096,675500,12370800,28226900,6558650,47831850,47961400,2,28055850,8353250,8176800,0,18652,0,5,0
104,3250007036,6097,694350,12002850,28351600,9061850,50110650,50241050,2,28178700,8339800,8167900,0,18972,0,5,0
105,1111684799,6098,2847950,15139900,29075400,2664350,49727600,49862000,1,28895150,9021500,8845750,0,18972,0,5,0
106,2213018028,6099,680850,12086600,28176400,10833550,51777400,51907750,3,28005150,8347450,8172200,0,18652,0,5,0
107,3171439817,6100,690350,12381750,28217650,6564150,47853900,47989700,2,28040000,8350850,8175300,0,18652,0,5,0
108,2255827236,6101,680350,11994750,28339550,10881300,51895950,52027250,3,28169650,8391200,8212400,0,18652,0,5,0
109,2472184909,6102,682900,11980050,28356050,6875500,47894500,48022250,2,28184050,8358850,8188450,0,18652,0,5,0
110,3140412334,6103,683650,12039450,28253650,10866100,51842850,51968900,3,28079900,8341000,8164450,0,18652,0,5,0
111,785888721,6104,679850,12004350,28865950,6772850,48323000,48453150,2,28694050,8586900,8416000,0,18652,0,5,0
112,1084583170,6105,688350,13222400,29235400,8376400,51522550,51654700,2,29058350,9529500,9318500,0,18652,0,5,0
113,4019848443,6106,684850,12060500,28253750,6737350,47736450,47869450,2,28077100,8342200,8174700,0,18652,0,5,0
114,808788421,6107,676950,12201800,28154850,10838700,51872300,52003550,3,27981550,8340100,8166250,0,18652,0,5,0
115,3645042740,6108,687050,12185550,29357700,9637400,51867700,51999750,2,29186350,9129750,8946050,0,18652,0,5,0
116,2991496187,6109,686050,12207100,28144250,6828000,47865400,47995950,2,27969750,8349950,8176350,0,18652,0,5,0
117,3919662364,6110,683250,12169050,28202700,6808600,47863600,47996850,2,28030800,8349600,8180000,0,18652,0,5,0
118,1681074571,6111,681550,12161600,28163200,10914600,51920950,52053450,3,27987550,8323150,8150500,0,18652,0,5,0
119,4218967458,6112,675400,12105750,28354300,6692950,47828400,47957450,2,28183800,8481200,8305450,0,18652,0,5,0
120,625353107,6113,677100,11996000,28366300,10825800,51865200,51997650,3,28191000,8337600,8164700,0,18652,0,5,0
121,3717195990,6114,686750,11994200,28423900,6779250,47884100,48015650,2,28238100,8336050,8165700,0,18652,0,5,0
122,2425705089,6115,684700,13486200,29435550,8256350,51862800,51991550,2,29254350,9541100,9326200,0,18652,0,5,0
123,2555484258,6116,692850,11962400,28393500,6816550,47865300,48000000,2,28218600,8343750,8175800,0,18652,0,5,0
124,1141451493,6117,683900,11984700,28363550,10867700,51899850,52033750,3,28187550,8301550,8126400,0,18652,0,5,0
125,1505942736,6118,717100,12030350,37080300,17332250,67160000,67996850,4,36900700,9067200,8874700,0,18652,0,5,0
126,2491710369,6119,682000,12211400,28186800,6761250,47841450,47966750,2,28009700,8330450,8155650,0,18652,0,5,0
127,2825516936,6120,686750,12143100,28408150,10624700,51862700,51993150,3,28238450,8479700,8304000,0,18652,0,5,0
128,809518447,6121,684250,12144100,28281000,6777500,47886850,48020250,2,28105700,8364400,8191950,0,18972,0,5,0
129,1081694344,6122,679400,11980950,28629250,10557900,51847500,51978900,3,28454650,8402950,8236400,0,18972,0,5,0
130,3544546839,6123,680100,11969950,28413950,6797850,47861850,47994150,2,28236750,8377950,8204850,0,18652,0,5,0
131,2291142598,6124,686400,12027150,28584950,10617100,51915600,52046150,3,28413900,8396600,8230150,0,18652,0,5,0
132,3252385439,6125,677800,13478250,29438350,4319050,47913450,48041500,1,29261750,9553250,9368950,0,18652,0,5,0
133,1602009306,6126,682100,11936200,28599750,10561550,51779600,51914500,3,28425850,8402250,8224800,0,18652,0,5,0
134,2497072261,6127,680650,11976850,28516950,6691100,47865550,47998250,2,28330100,8387900,8213750,0,18652,0,5,0
135,3739067406,6128,687050,11990950,28617250,10930150,52225400,52359700,3,28445200,8405850,8239100,0,18652,0,5,0
136,1716074641,6129,687700,11969650,28629650,6222850,47509850,47639850,2,28451100,8622500,8448500,0,18652,0,5,0
137,3982919220,6130,682800,11979450,28527600,10706000,51895850,52027600,3,28352950,8392750,8223200,0,18652,0,5,0
138,2723337005,6131,672850,11982700,28482600,6717050,47855200,47981300,2,28309950,8396850,8222700,0,18652,0,5,0
139,733376204,6132,686050,11987800,28438950,10750800,51863600,51995500,3,28264000,8386000,8211450,0,18652,0,5,0
140,43915006,6133,688700,12357100,28252650,6564650,47863100,47995600,2,28070800,8400950,8222000,0,18652,0,5,0
141,2309932913,6134,685700,12007200,28410950,10786600,51890450,52022400,3,28241500,8400350,8230850,0,18652,0,5,0
142,1653305798,6135,678750,11972200,30950700,4336550,47938200,48074700,1,30779850,9475700,9270550,0,18652,0,5,0
143,145291823,6136,681000,12076450,28276450,10742450,51776350,51915100,3,28103850,8387350,8205900,0,18652,0,5,0
144,3013902878,6137,682250,11984300,28892900,6320850,47880300,48017050,2,28719550,8603300,8427700,0,18652,0,5,0
145,2859971923,6138,684150,12021300,36310800,18863800,67880050,68011200,5,36148150,10494650,10257400,0,18652,0,5,0
146,3026746148,6139,678600,12137800,28452700,6567100,47836200,47972450,2,28276200,8391450,8211050,0,18652,0,5,0
147,736325239,6140,688050,12025750,28529550,10628950,51872300,52008800,3,28357850,8386200,8217100,0,18652,0,5,0
148,2759885216,6141,685250,12415900,29156400,5482200,47739750,47875650,1,28977850,9177800,8987150,0,18652,0,5,0
149,1930007773,6142,682300,12088500,28406400,10821400,51998600,52131450,3,28231800,8382950,8211050,0,18652,0,5,0
150,4233548434,6143,683250,12133900,28340100,6692250,47849500,47985350,2,28168750,8398050,8219500,0,18972,0,5,0
151,3821597075,6144,689600,12020900,28431950,10773150,51915600,52048250,3,28263400,8392450,8219800,0,18972,0,5,0
152,1056834796,6145,675250,13600350,30242450,3405600,47923650,48052300,1,30061100,9747900,8799300,0,18972,0,5,0
153,2756113825,6146,679550,12083400,28349950,10648750,51761650,51896000,3,28176850,8360300,8177050,0,18652,0,5,0
154,2193869574,6147,685100,12021850,28295900,6882450,47885300,48020850,2,28124700,8347250,8169300,0,18652,0,5,0
155,39089791,6148,679700,12088350,28325650,10756150,51849850,51982700,3,28153000,8328950,8159050,0,18652,0,5,0
156,1158667078,6149,689700,12013400,28903150,6248300,47854550,47990850,2,28728550,8576650,8397750,0,18652,0,5,0
157,4085879547,6150,690300,12011250,28386500,10810400,51898450,52029650,3,28217300,8359150,8186150,0,18652,0,5,0
158,313686028,6151,676200,12014800,28329950,6841700,47862650,47992100,2,28155250,8400550,8217150,0,18652,0,5,0
159,3216587021,6152,687050,12088150,28317200,11826200,52918600,53052700,3,28147500,8341250,8168100,0,18652,0,5,0
160,876009466,6153,700700,11950800,29687400,4641850,46980750,47099950,1,29515250,9559450,9357050,0,18652,0,5,0
161,981002535,6154,685450,12009950,28248000,10863400,51806800,51940400,3,28077250,8326650,8158100,0,18652,0,5,0
162,47529864,6155,684700,12104400,30888050,4179650,47856800,47988900,1,30708700,9179550,8985750,0,18652,0,5,0
163,868088385,6156,678950,12124600,28217600,10740300,51761450,51894400,3,28050150,8328800,8150650,0,18652,0,5,0
164,2331947246,6157,684100,12142200,28225250,6856450,47908000,48040450,2,28043700,8369450,8189050,0,18652,0,5,0
165,2168054517,6158,677600,12211950,32859300,6077750,51826600,51958050,2,32680500,12877850,12589350,0,18652,0,5,0
166,3926666066,6159,680900,12165200,28207550,6814100,47867750,47999400,2,28032900,8347650,8166600,0,18652,0,5,0
167,1177610667,6160,689000,12154550,28228350,10818450,51890350,52020600,3,28052700,8324100,8157200,0,18652,0,5,0
168,3782405190,6161,679650,12141800,28248300,7135700,48205450,48338350,2,28078050,8344900,8173250,0,18652,0,5,0
169,916405275,6162,692550,12049650,28586100,10194450,51522750,51649750,3,28416600,8595550,7567950,0,18652,0,5,0
170,1596582148,6163,700200,11978800,28498000,6712100,47889100,48019300,2,28319500,8325150,8148650,0,18652,0,5,0
171,4199562603,6164,680850,11979650,28578950,10610050,51849500,51979000,3,28405800,8325500,8154150,0,18652,0,5,0
172,3017986708,6165,688450,12001750,29635850,5403750,47729800,47863200,1,29446750,9531350,9325700,0,18652,0,5,0
173,2654286289,6166,694200,12418700,28655600,10267450,52035950,52168100,3,28483900,8570150,7547450,0,18652,0,5,0
174,1031695476,6167,681200,11994250,28517750,6650700,47843900,47968700,2,28344300,8345100,8173450,0,18972,0,5,0
175,2959877989,6168,696600,11989600,28552550,10628850,51867600,51997650,3,28379400,8337450,8171850,0,18972,0,5,0
176,1566373458,6169,691300,12009300,28446150,6714500,47861250,47994950,2,28270750,8338300,8165350,0,18972,0,5,0
177,3017804585,6170,692850,11989000,29615950,9573250,51871050,52003650,2,29445200,9122150,8947500,0,18652,0,5,0
178,1442923286,6171,690800,11994300,28374400,6806050,47865550,47996350,2,28199500,8329450,8157100,0,18652,0,5,0
179,959704087,6172,692050,12023950,28332200,10858600,51906800,52038400,3,28162250,8348550,8175450,0,18652,0,5,0
