label,plan,condition,repeat,frames,batchQuads,tiles,fixed,stateStart,sampleUs,frameMs,prepMs,apiOutsideWorkerMs,workerOutsideUploadMs,uploadMs,writeMs,waitMs,logicMs,bytesPerFrame,writeCallsPerFrame,quadsPerFrame,groupsPerFrame,fps,userCpuMs,systemCpuMs,sampleCount,stateHashesVerified,fullFramePixelsExact,frameCheck
v006-coarse-73000-r1,cpu-sampling-plan-v006-coarse.json,73000,1,180,0,1,True,0,73000,84.06359888888889,59.027262500000006,22.700613888888896,36.32664861111111,12.459253333333335,12.1146975,11.558300833333334,0.8724775,34332,5,78.0,78.0,11.89575527597564,73.83468888888889,0.5516888888888889,176,180,307200,FRAME_CHECK count=6008 address=9fe00000 fnv1a=16e1fedb pixels=307200 mismatches=0
v006-coarse-0-r1,cpu-sampling-plan-v006-coarse.json,0,1,180,0,1,True,0,0,83.7756925,57.87060499999999,22.064719722222215,35.805885277777776,12.050020833333335,11.795973333333334,12.879697222222221,0.8239469444444445,34332,5,78.0,78.0,11.936636632397876,72.55815,0.5155777777777778,0,180,307200,FRAME_CHECK count=6222 address=9fe00000 fnv1a=16e1fedb pixels=307200 mismatches=0
v006-coarse-113000-r1,cpu-sampling-plan-v006-coarse.json,113000,1,180,0,1,True,0,113000,83.88598055555555,58.71100694444445,22.4430975,36.26790944444445,12.416475,12.121023055555556,11.764664722222221,0.8467936111111112,34332,5,78.0,78.0,11.920943087000401,73.69338333333333,0.3446222222222222,113,180,307200,FRAME_CHECK count=6436 address=9fe00000 fnv1a=16e1fedb pixels=307200 mismatches=0
v006-coarse-41000-r1,cpu-sampling-plan-v006-coarse.json,41000,1,180,0,1,True,0,41000,83.9745688888889,59.745595,22.90793583333333,36.83765916666667,12.408460555555555,12.073575,10.819815,0.8447680555555555,34332,5,78.0,78.0,11.908367178677057,74.66227777777777,0.3518555555555556,317,180,307200,FRAME_CHECK count=6650 address=9fe00000 fnv1a=16e1fedb pixels=307200 mismatches=0
v006-coarse-113000-r2,cpu-sampling-plan-v006-coarse.json,113000,2,180,0,1,True,0,113000,83.85576472222222,58.25998111111111,22.3483975,35.91158361111111,12.348794166666666,12.05117,12.253795555555556,0.8335805555555555,34332,5,78.0,78.0,11.925238572596246,73.1982111111111,0.4885722222222222,112,180,307200,FRAME_CHECK count=6864 address=9fe00000 fnv1a=16e1fedb pixels=307200 mismatches=0
v006-coarse-0-r2,cpu-sampling-plan-v006-coarse.json,0,2,180,0,1,True,0,0,83.59790694444445,57.89154194444445,22.18849305555556,35.70304888888889,12.1554625,11.876238888888889,12.541816944444443,0.8631638888888888,34332,5,78.0,78.0,11.962021975796077,72.57887222222222,0.4805,0,180,307200,FRAME_CHECK count=7078 address=9fe00000 fnv1a=16e1fedb pixels=307200 mismatches=0
v006-coarse-41000-r2,cpu-sampling-plan-v006-coarse.json,41000,2,180,0,1,True,0,41000,84.4413588888889,59.911245833333325,22.965516666666655,36.94572916666667,12.385782777777777,12.062155,11.151575,0.8369666666666666,34332,5,78.0,78.0,11.842537983262888,74.71294444444445,0.3867611111111111,316,180,307200,FRAME_CHECK count=7292 address=9fe00000 fnv1a=16e1fedb pixels=307200 mismatches=0
v006-coarse-73000-r2,cpu-sampling-plan-v006-coarse.json,73000,2,180,0,1,True,0,73000,83.789855,58.71978166666666,23.00231,35.71747166666666,12.427113333333335,12.120360277777777,11.644011111111112,0.8494536111111112,34332,5,78.0,78.0,11.934619053822209,73.5602,0.48101666666666665,175,180,307200,FRAME_CHECK count=7506 address=9fe00000 fnv1a=16e1fedb pixels=307200 mismatches=0
v006-coarse-113000-r3,cpu-sampling-plan-v006-coarse.json,113000,3,180,0,1,True,0,113000,83.79684666666667,58.595347222222216,22.45210555555555,36.14324166666666,12.400785833333334,12.106028055555557,11.815510277777777,0.8394269444444445,34332,5,78.0,78.0,11.933623277948326,73.52934444444443,0.3625333333333333,112,180,307200,FRAME_CHECK count=7720 address=9fe00000 fnv1a=16e1fedb pixels=307200 mismatches=0
v006-coarse-73000-r3,cpu-sampling-plan-v006-coarse.json,73000,3,180,0,1,True,0,73000,83.86349944444444,59.121413888888895,23.115957500000007,36.00545638888889,12.532735277777778,12.195753611111112,11.191309722222222,0.8701569444444445,34332,5,78.0,78.0,11.924138709027424,74.09597777777778,0.41498888888888885,177,180,307200,FRAME_CHECK count=7934 address=9fe00000 fnv1a=16e1fedb pixels=307200 mismatches=0
v006-coarse-41000-r3,cpu-sampling-plan-v006-coarse.json,41000,3,180,0,1,True,0,41000,84.52956222222222,60.16960527777778,23.03726444444444,37.13234083333334,12.433797777777778,12.138209166666666,10.928586944444444,0.8514213888888889,34332,5,78.0,78.0,11.830180752280143,75.05320555555555,0.3228,318,180,307200,FRAME_CHECK count=8148 address=9fe00000 fnv1a=16e1fedb pixels=307200 mismatches=0
v006-coarse-0-r3,cpu-sampling-plan-v006-coarse.json,0,3,180,0,1,True,0,0,83.6867586111111,57.54244055555556,22.017733888888888,35.524706666666674,12.277361666666666,12.003435833333334,12.847216666666666,0.8422455555555555,34332,5,78.0,78.0,11.949321691941236,72.48667222222223,0.5668722222222222,0,180,307200,FRAME_CHECK count=8362 address=9fe00000 fnv1a=16e1fedb pixels=307200 mismatches=0
v007-fixed-b0-r1,draw-group-plan-v007.json,fixed-b0,1,180,0,1,True,0,0,83.59782944444444,57.842965277777786,23.041025833333343,34.80193944444444,12.028148611111112,11.784264444444444,12.779682777777778,0.8052325,34332,5,78.0,78.0,11.962033065279014,72.56755,0.49340555555555554,0,180,307200,FRAME_CHECK count=590 address=9fe00000 fnv1a=16e1fedb pixels=307200 mismatches=0
v007-fixed-b4-r1,draw-group-plan-v007.json,fixed-b4,1,180,4,1,True,0,0,69.37556527777778,49.24718083333333,16.775209999999994,32.47197083333334,12.367836111111112,12.106033333333334,6.811221111111111,0.8130311111111111,34332,5,78.0,21.0,14.414296964587296,63.31633888888889,0.4213111111111111,0,180,307200,FRAME_CHECK count=804 address=9fe00000 fnv1a=16e1fedb pixels=307200 mismatches=0
v007-fixed-b1-r1,draw-group-plan-v007.json,fixed-b1,1,180,1,1,True,0,0,83.57488166666667,57.26121361111112,21.947867500000008,35.31334611111111,12.275004722222222,11.995926944444443,13.08512,0.8053672222222222,34332,5,78.0,78.0,11.965317569798533,72.37896111111111,0.4862,0,180,307200,FRAME_CHECK count=1018 address=9fe00000 fnv1a=16e1fedb pixels=307200 mismatches=0
v007-fixed-b4096-r1,draw-group-plan-v007.json,fixed-b4096,1,180,4096,1,True,0,0,67.99741055555555,48.00427944444444,16.75845333333333,31.24582611111111,11.957481111111113,11.678979166666666,7.052956388888889,0.8497916666666666,34332,5,78.0,2.0,14.70644237522803,61.77337222222222,0.2606222222222222,0,180,307200,FRAME_CHECK count=1232 address=9fe00000 fnv1a=16e1fedb pixels=307200 mismatches=0
v007-fixed-b16-r1,draw-group-plan-v007.json,fixed-b16,1,180,16,1,True,0,0,67.88725305555555,47.94022527777777,16.453607499999993,31.486617777777777,12.018400833333335,11.751331388888888,7.023161666666667,0.7655272222222222,34332,5,78.0,6.0,14.730305837852207,61.72237222222222,0.2153388888888889,0,180,307200,FRAME_CHECK count=1446 address=9fe00000 fnv1a=16e1fedb pixels=307200 mismatches=0
v007-fixed-b0-r2,draw-group-plan-v007.json,fixed-b0,2,180,0,1,True,0,0,83.59772916666667,57.91255972222222,23.286235277777777,34.62632444444444,12.041148611111112,11.769551388888887,12.621619166666665,0.8808225,34332,5,78.0,78.0,11.962047414067019,72.67466666666667,0.45918888888888887,0,180,307200,FRAME_CHECK count=1660 address=9fe00000 fnv1a=16e1fedb pixels=307200 mismatches=0
v007-fixed-b1-r2,draw-group-plan-v007.json,fixed-b1,2,180,1,1,True,0,0,83.68669472222223,57.53717638888889,21.951022777777776,35.586153611111115,12.194239166666666,11.948333611111112,12.970836111111112,0.8523316666666666,34332,5,78.0,78.0,11.949330814405545,72.56179444444444,0.4586166666666667,0,180,307200,FRAME_CHECK count=1874 address=9fe00000 fnv1a=16e1fedb pixels=307200 mismatches=0
v007-fixed-b4096-r2,draw-group-plan-v007.json,fixed-b4096,2,180,4096,1,True,0,0,67.9089938888889,47.826275,16.58567805555555,31.240596944444448,12.049349166666666,11.7798325,7.063566944444444,0.8422830555555555,34332,5,78.0,2.0,14.725589980558048,61.72628888888889,0.2518944444444445,0,180,307200,FRAME_CHECK count=2088 address=9fe00000 fnv1a=16e1fedb pixels=307200 mismatches=0
v007-fixed-b16-r2,draw-group-plan-v007.json,fixed-b16,2,180,16,1,True,0,0,67.8872163888889,48.087448611111114,16.43770888888889,31.649739722222225,11.8803975,11.615466388888889,7.007294722222222,0.7751177777777778,34332,5,78.0,6.0,14.730313793859871,61.72197222222222,0.24762777777777778,0,180,307200,FRAME_CHECK count=2302 address=9fe00000 fnv1a=16e1fedb pixels=307200 mismatches=0
v007-fixed-b4-r2,draw-group-plan-v007.json,fixed-b4,2,180,4,1,True,0,0,69.30745583333332,49.36089611111111,17.007342777777776,32.35355333333334,12.302373888888889,12.044228888888888,6.7104875,0.7982688888888889,34332,5,78.0,21.0,14.428462103770535,63.406955555555555,0.41095000000000004,0,180,307200,FRAME_CHECK count=2516 address=9fe00000 fnv1a=16e1fedb pixels=307200 mismatches=0
v007-fixed-b16-r3,draw-group-plan-v007.json,fixed-b16,3,180,16,1,True,0,0,67.97597027777778,48.10201694444444,16.545302222222215,31.556714722222225,11.867186111111112,11.599074444444444,7.096929444444444,0.7716336111111112,34332,5,78.0,6.0,14.711080929239975,61.73073888888889,0.26619444444444446,0,180,307200,FRAME_CHECK count=2730 address=9fe00000 fnv1a=16e1fedb pixels=307200 mismatches=0
v007-fixed-b4-r3,draw-group-plan-v007.json,fixed-b4,3,180,4,1,True,0,0,68.6420863888889,49.3059238888889,16.842605000000006,32.463318888888885,12.348154166666665,12.072243611111112,6.037057222222222,0.8136586111111112,34332,5,78.0,21.0,14.56832174847573,63.258061111111104,0.31980555555555557,0,180,307200,FRAME_CHECK count=2944 address=9fe00000 fnv1a=16e1fedb pixels=307200 mismatches=0
v007-fixed-b4096-r3,draw-group-plan-v007.json,fixed-b4096,3,180,4096,1,True,0,0,68.08154722222223,47.81849805555556,16.582983888888887,31.235514166666672,12.093709166666667,11.831791666666666,7.207611388888889,0.824235,34332,5,78.0,2.0,14.68826783175095,61.743722222222225,0.23845,0,180,307200,FRAME_CHECK count=3158 address=9fe00000 fnv1a=16e1fedb pixels=307200 mismatches=0
v007-fixed-b0-r3,draw-group-plan-v007.json,fixed-b0,3,180,0,1,True,0,0,83.5978275,58.117262777777775,23.198486388888888,34.91877638888889,11.832227777777778,11.5819625,12.709976111111112,0.7981980555555555,34332,5,78.0,78.0,11.962033343510033,72.54976666666667,0.5167111111111111,0,180,307200,FRAME_CHECK count=3372 address=9fe00000 fnv1a=16e1fedb pixels=307200 mismatches=0
v007-fixed-b1-r3,draw-group-plan-v007.json,fixed-b1,3,180,1,1,True,0,0,83.59796777777778,57.53275194444445,21.964709722222224,35.568042222222225,12.208297222222223,11.959943888888889,12.902498333333334,0.8212544444444445,34332,5,78.0,78.0,11.962013271162586,72.5101,0.4706166666666667,0,180,307200,FRAME_CHECK count=3586 address=9fe00000 fnv1a=16e1fedb pixels=307200 mismatches=0
v007-moving-s0-b0,draw-group-plan-v007.json,moving-s0-b0,1,180,0,1,False,0,0,81.46435833333332,54.00069249999999,21.413926944444434,32.58676555555556,11.431836388888888,11.165416944444445,14.9798275,0.9085875,30911.555555555555,5,72.95,72.95,12.275306900574005,68.71792777777779,0.5186166666666666,0,180,307200,FRAME_CHECK count=3800 address=9fe00000 fnv1a=79c99b23 pixels=307200 mismatches=0
v007-moving-s0-b4096,draw-group-plan-v007.json,moving-s0-b4096,1,180,4096,1,False,0,0,67.1539163888889,44.583243333333336,15.948583888888889,28.63465944444445,11.441961388888888,11.135068888888888,10.090624722222222,0.9022419444444445,30911.555555555555,5,72.95,2.0,14.891164265223066,58.37439444444444,0.4076166666666666,0,180,307200,FRAME_CHECK count=4014 address=9fe00000 fnv1a=79c99b23 pixels=307200 mismatches=0
v007-moving-s1800-b4096,draw-group-plan-v007.json,moving-s1800-b4096,1,180,4096,1,False,1800,0,52.752870277777774,35.810409444444446,12.443097500000004,23.367311944444445,9.531623888888888,9.297423611111112,6.467223888888889,0.799165,24100.88888888889,5,56.94444444444444,2.0,18.956314504487757,47.136338888888886,0.49503888888888886,0,180,307200,FRAME_CHECK count=4228 address=9fe00000 fnv1a=9868c45b pixels=307200 mismatches=0
v007-moving-s1800-b0,draw-group-plan-v007.json,moving-s1800-b0,1,180,0,1,False,1800,0,66.86474138888889,43.57865083333333,16.970739999999992,26.607910833333335,9.630187777777778,9.39513,12.726631388888888,0.7945372222222222,24100.88888888889,5,56.94444444444444,56.94444444444444,14.95556520863435,55.90698888888889,0.6384666666666667,0,180,307200,FRAME_CHECK count=4442 address=9fe00000 fnv1a=9868c45b pixels=307200 mismatches=0
v007-moving-s3600-b4096,draw-group-plan-v007.json,moving-s3600-b4096,1,180,4096,1,False,3600,0,50.15338027777778,27.309066111111104,9.106443611111109,18.2026225,8.674698333333334,8.417676944444445,13.333374444444445,0.6900247222222222,18684,5,41.0,2.0,19.93883551739553,38.550111111111114,0.73205,0,180,307200,FRAME_CHECK count=4656 address=9fe00000 fnv1a=c250e403 pixels=307200 mismatches=0
v007-moving-s3600-b0,draw-group-plan-v007.json,moving-s3600-b0,1,180,0,1,False,3600,0,50.90866944444445,33.07184888888889,12.668442777777775,20.403406111111114,9.050758888888888,8.779691388888889,7.922741944444444,0.73247,18684,5,41.0,41.0,19.643019762896746,42.894305555555555,1.4245944444444445,0,180,307200,FRAME_CHECK count=4870 address=9fe00000 fnv1a=c250e403 pixels=307200 mismatches=0
v007-fixed-b4096-t4-r1,draw-group-primitive-plan-v007.json,fixed-b4096-t4,1,120,4096,4,True,0,0,432.89674375,361.05531708333336,129.5391825,231.51613458333335,56.39975333333334,56.00749833333334,13.272917916666666,2.058835833333333,244252,5,678.0,2.0,2.3100196858433866,419.6462916666667,0.232775,0,120,307200,FRAME_CHECK count=5024 address=9fe00000 fnv1a=16e1fedb pixels=307200 mismatches=0
v007-fixed-b4096-t2-r1,draw-group-primitive-plan-v007.json,fixed-b4096-t2,1,120,4096,2,True,0,0,143.06428958333333,109.93088458333332,39.51889041666666,70.41199416666667,20.589925833333332,20.28573708333333,11.405377083333335,1.0204866666666665,75292,5,198.0,2.0,6.989864507155793,132.7566,0.31590833333333335,0,120,307200,FRAME_CHECK count=5178 address=9fe00000 fnv1a=16e1fedb pixels=307200 mismatches=0
v007-fixed-b4096-t2-r2,draw-group-primitive-plan-v007.json,fixed-b4096-t2,2,120,4096,2,True,0,0,143.06268791666665,109.90671833333333,39.49917041666666,70.40754791666667,20.53901833333333,20.243125,11.44498625,1.0561704166666668,75292,5,198.0,2.0,6.989942762591566,132.71190833333333,0.42593333333333333,0,120,307200,FRAME_CHECK count=5332 address=9fe00000 fnv1a=16e1fedb pixels=307200 mismatches=0
v007-fixed-b4096-t4-r2,draw-group-primitive-plan-v007.json,fixed-b4096-t4,2,120,4096,4,True,0,0,431.7627133333333,361.11211249999997,129.6209895833333,231.49112291666665,56.32645541666666,55.926995833333336,12.117063333333334,2.101455,244252,5,678.0,2.0,2.3160869827774384,419.33104166666664,0.27615,0,120,307200,FRAME_CHECK count=5486 address=9fe00000 fnv1a=16e1fedb pixels=307200 mismatches=0
v007-fixed-b4096-t4-r3,draw-group-primitive-plan-v007.json,fixed-b4096-t4,3,120,4096,4,True,0,0,428.29689375,359.7982316666667,129.11001083333338,230.68822083333333,56.213237916666664,55.83087875,10.1000975,2.069818333333333,244252,5,678.0,2.0,2.334828981000519,417.424875,0.350125,0,120,307200,FRAME_CHECK count=5640 address=9fe00000 fnv1a=16e1fedb pixels=307200 mismatches=0
v007-fixed-b4096-t2-r3,draw-group-primitive-plan-v007.json,fixed-b4096-t2,3,120,4096,2,True,0,0,141.56390458333334,109.61131875,39.37899875,70.23232,20.6749575,20.353434583333332,10.136887916666666,1.023875,75292,5,198.0,2.0,7.063947571545949,132.40765833333333,0.2794416666666667,0,120,307200,FRAME_CHECK count=5794 address=9fe00000 fnv1a=16e1fedb pixels=307200 mismatches=0
