variant,style,repeat,frames,completed_swaps_s,transfer_ms,apb_wait_ms_frame,prepare_ms,completion_wait_ms,pixel_check,period_counts_excluding_first,csv_file
fifo512,full,0,180,14.668014,7.418784444444444,0.48479555555555554,56.57680083333334,3.041071388888889,True,"{""4"": 165, ""5"": 14}",board-reconfiguration/fifo512/r0-s0-full.csv
fifo512,retained,0,180,58.201937,1.2801155555555555,0.2788225,6.885789722222222,7.884998888888889,True,"{""1"": 174, ""2"": 5}",board-reconfiguration/fifo512/r0-s0-retained.csv
fifo512,retained,1,180,58.518052,1.2621697222222223,0.3008025,6.909809722222222,7.779941944444444,False,"{""1"": 175, ""2"": 4}",board-reconfiguration/fifo512/r1-s0-retained.csv
fifo512,full,1,180,14.62783,7.418867777777778,0.4690827777777778,56.384232777777775,3.438809722222222,False,"{""4"": 163, ""5"": 16}",board-reconfiguration/fifo512/r1-s0-full.csv
fifo512,full,2,180,14.374245,7.514873333333333,0.4330183333333333,57.05325138888889,3.8495905555555554,False,"{""4"": 150, ""5"": 29}",board-reconfiguration/fifo512/r2-s0-full.csv
fifo512,retained,2,180,57.888833,1.2560755555555556,0.28807583333333336,6.920540555555556,7.952096111111111,False,"{""1"": 173, ""2"": 6}",board-reconfiguration/fifo512/r2-s0-retained.csv
mailbox,full,0,180,11.962507,11.877891944444444,4.386583055555556,57.48271444444445,13.042754166666667,True,"{""5"": 179}",board-reconfiguration/mailbox/r0-s0-full.csv
mailbox,retained,0,180,57.88893,3.4614975,2.1113530555555555,6.889204444444444,5.805082777777778,True,"{""1"": 173, ""2"": 6}",board-reconfiguration/mailbox/r0-s0-retained.csv
mailbox,retained,1,180,58.20153,3.419915277777778,2.1118594444444443,6.881833888888889,5.788784722222222,False,"{""1"": 174, ""2"": 5}",board-reconfiguration/mailbox/r1-s0-retained.csv
mailbox,full,1,180,11.962507,11.931088888888889,4.390932222222222,56.50186388888889,14.058573888888889,False,"{""5"": 179}",board-reconfiguration/mailbox/r1-s0-full.csv
mailbox,full,2,180,11.975817,11.969935277777777,4.374669722222222,56.244551666666666,14.154904444444444,False,"{""4"": 1, ""5"": 178}",board-reconfiguration/mailbox/r2-s0-full.csv
mailbox,retained,2,180,58.212277,3.467440277777778,2.1276136111111112,6.890667777777778,5.665325833333333,False,"{""1"": 174, ""2"": 5}",board-reconfiguration/mailbox/r2-s0-retained.csv
fifo16,full,0,180,13.874092,9.552625277777778,2.266845833333333,56.31357194444445,5.077240277777778,True,"{""4"": 123, ""5"": 56}",board-reconfiguration/fifo16/r0-s0-full.csv
fifo16,retained,0,180,58.201571,2.836338888888889,1.5643255555555555,7.031373333333333,6.177379722222222,True,"{""1"": 174, ""2"": 5}",board-reconfiguration/fifo16/r0-s0-retained.csv
fifo16,retained,1,180,58.204702,2.789425277777778,1.5654622222222223,6.931291388888889,6.325449166666667,False,"{""1"": 174, ""2"": 5}",board-reconfiguration/fifo16/r1-s0-retained.csv
fifo16,full,1,180,13.034254,9.573306666666666,2.267377222222222,56.903155,9.083946944444444,False,"{""4"": 74, ""5"": 105}",board-reconfiguration/fifo16/r1-s0-full.csv
fifo16,full,2,180,13.424306,9.563732222222223,2.2654133333333335,56.49068722222222,7.2797075,False,"{""4"": 98, ""5"": 81}",board-reconfiguration/fifo16/r2-s0-full.csv
fifo16,retained,2,180,57.579044,2.8145391666666666,1.543488611111111,6.8777791666666666,6.519245555555556,False,"{""1"": 172, ""2"": 7}",board-reconfiguration/fifo16/r2-s0-retained.csv
