variant,workload,case,exit,passed
upstream-if17,quads,apb-s0-g0-r1,0,True
upstream-if17,quads,apb-s0-g0-r27,0,True
upstream-if17,quads,apb-s0-g16-r1,0,True
upstream-if17,quads,apb-s0-g16-r27,0,True
upstream-if17,quads,apb-s1800-g0-r1,0,True
upstream-if17,quads,apb-s1800-g0-r27,0,True
upstream-if17,quads,apb-s1800-g16-r1,0,True
upstream-if17,quads,apb-s1800-g16-r27,0,True
upstream-if17,quads,apb-s3600-g0-r1,0,True
upstream-if17,quads,apb-s3600-g0-r27,0,True
upstream-if17,quads,apb-s3600-g16-r1,0,True
upstream-if17,quads,apb-s3600-g16-r27,0,True
upstream-if17,quads,dma-s0-g0-r1,1,False
upstream-if17,quads,dma-s0-g0-r27,1,False
upstream-if17,quads,dma-s0-g16-r1,1,False
upstream-if17,quads,dma-s0-g16-r27,1,False
upstream-if17,quads,dma-s1800-g0-r1,1,False
upstream-if17,quads,dma-s1800-g0-r27,1,False
upstream-if17,quads,dma-s1800-g16-r1,1,False
upstream-if17,quads,dma-s1800-g16-r27,1,False
upstream-if17,quads,dma-s3600-g0-r1,1,False
upstream-if17,quads,dma-s3600-g0-r27,1,False
upstream-if17,quads,dma-s3600-g16-r1,1,False
upstream-if17,quads,dma-s3600-g16-r27,1,False
upstream-if17,textures,apb-s32-g0-r1,0,True
upstream-if17,textures,apb-s32-g0-r27,0,True
upstream-if17,textures,apb-s32-g16-r1,0,True
upstream-if17,textures,apb-s32-g16-r27,0,True
upstream-if17,textures,apb-s64-g0-r1,0,True
upstream-if17,textures,apb-s64-g0-r27,0,True
upstream-if17,textures,apb-s64-g16-r1,1,False
upstream-if17,textures,apb-s64-g16-r27,1,False
upstream-if17,textures,apb-s256-g0-r1,0,True
upstream-if17,textures,apb-s256-g0-r27,0,True
upstream-if17,textures,apb-s256-g16-r1,1,False
upstream-if17,textures,apb-s256-g16-r27,1,False
upstream-if17,textures,dma-s32-g0-r1,1,False
upstream-if17,textures,dma-s32-g0-r27,1,False
upstream-if17,textures,dma-s32-g16-r1,1,False
upstream-if17,textures,dma-s32-g16-r27,1,False
upstream-if17,textures,dma-s64-g0-r1,1,False
upstream-if17,textures,dma-s64-g0-r27,1,False
upstream-if17,textures,dma-s64-g16-r1,1,False
upstream-if17,textures,dma-s64-g16-r27,1,False
upstream-if17,textures,dma-s256-g0-r1,1,False
upstream-if17,textures,dma-s256-g0-r27,1,False
upstream-if17,textures,dma-s256-g16-r1,1,False
upstream-if17,textures,dma-s256-g16-r27,1,False
