state_frame,mode,variant,profile,repetitions,swaps_per_second_median,swaps_per_second_min,swaps_per_second_max,logic_ms_median,logic_ms_min,logic_ms_max,api_ms_median,api_ms_min,api_ms_max,swap_ms_median,swap_ms_min,swap_ms_max,wait_ms_median,wait_ms_min,wait_ms_max,write_ms_median,write_ms_min,write_ms_max,completion_interval_ms_median,completion_interval_ms_min,completion_interval_ms_max,completion_p95_ms_median,completion_p95_ms_min,completion_p95_ms_max,bytes_per_frame_median,bytes_per_frame_min,bytes_per_frame_max
0,full,lto-apb,frame,3,14.952822,14.932087,14.952826,,,,,,,,,,,,,,,,66.87700694444445,66.87699055555555,66.96987527777777,67.10945,67.1024,67.1336,30951.555555555555,30951.555555555555,30951.555555555555
0,full,lto-unrolled,frame,3,14.97362,14.952547,14.973628,,,,,,,,,,,,,,,,66.78411777777778,66.78408222222222,66.87823722222223,67.09915,67.08245,67.1678,30951.555555555555,30951.555555555555,30951.555555555555
0,full,o3-apb,frame,3,14.727829,14.707474,14.748,,,,,,,,,,,,,,,,67.89867222222222,67.8058036111111,67.99264277777777,83.59365,83.39465,83.5947,30951.555555555555,30951.555555555555,30951.555555555555
0,full,o3-unrolled,frame,3,14.850085,14.788523,14.890811,,,,,,,,,,,,,,,,67.33968166666668,67.15550972222222,67.62000666666667,67.22065,67.1699,67.26885,30951.555555555555,30951.555555555555,30951.555555555555
0,grouped,lto-apb,frame,3,19.611108,19.610388,19.646863,,,,,,,,,,,,,,,,50.99150888888889,50.89870972222222,50.99338111111111,50.59635,50.57345,50.64815,30951.555555555555,30951.555555555555,30951.555555555555
0,grouped,lto-unrolled,frame,3,19.681974,19.646048,19.681979,,,,,,,,,,,,,,,,50.80791138888889,50.807899722222224,50.900821666666666,50.74505,50.6107,50.981,30951.555555555555,30951.555555555555,30951.555555555555
0,grouped,o3-apb,frame,3,14.952841,14.952651,14.952852,,,,,,,,,,,,,,,,66.87692388888888,66.87687555555556,66.87777472222223,67.15015,67.14745,67.16825,30951.555555555555,30951.555555555555,30951.555555555555
0,grouped,o3-unrolled,frame,3,16.795723,16.563153,16.901182,,,,,,,,,,,,,,,,59.53896666666667,59.16745777777778,60.37497916666666,66.88765,66.8831,66.89615,30951.555555555555,30951.555555555555,30951.555555555555
0,replay,lto-apb,frame,3,58.831261,58.83113,59.154755,,,,,,,,,,,,,,,,16.997765833333332,16.904811666666667,16.997803611111113,16.9955,16.97725,17.0442,34372,34372,34372
0,replay,lto-unrolled,frame,3,59.481467,58.831322,59.811991,,,,,,,,,,,,,,,,16.811959166666668,16.719055555555556,16.99774833333333,16.9935,16.9541,17.05295,34372,34372,34372
0,replay,o3-apb,frame,3,58.831358,58.831271,58.831429,,,,,,,,,,,,,,,,16.997737777777775,16.997717222222224,16.997763055555556,17.05815,16.99075,17.0605,34372,34372,34372
0,replay,o3-unrolled,frame,3,59.154589,58.831226,59.481484,,,,,,,,,,,,,,,,16.904859166666668,16.811954444444446,16.99777611111111,17.0242,17.01095,17.05465,34372,34372,34372
0,retained,lto-apb,frame,3,58.511466,58.19504,58.511479,,,,,,,,,,,,,,,,17.090667222222223,17.09066361111111,17.183595,17.03805,17.02955,17.12215,3578.6666666666665,3578.6666666666665,3578.6666666666665
0,retained,lto-unrolled,frame,3,58.195154,58.195082,58.511448,,,,,,,,,,,,,,,,17.183561388888887,17.0906725,17.1835825,17.0631,17.0331,17.0912,3578.6666666666665,3578.6666666666665,3578.6666666666665
0,retained,o3-apb,frame,3,58.198601,58.195351,58.511761,,,,,,,,,,,,,,,,17.18254361111111,17.090581111111113,17.183503055555555,17.09625,17.0614,17.1009,3578.6666666666665,3578.6666666666665,3578.6666666666665
0,retained,o3-unrolled,frame,3,58.190017,57.882598,58.19551,,,,,,,,,,,,,,,,17.185078333333333,17.183456111111113,17.276349722222225,17.10925,17.02175,17.12035,3578.6666666666665,3578.6666666666665,3578.6666666666665
