frame,state_hash,display_count,logic_ns,api_ns,swap_ns,wait_ns,total_ns,completion_interval_ns,polls,worker_inclusive_ns,upload_inclusive_ns,write_ns,read_ns,write_bytes,read_bytes,write_calls,read_calls,dma_copy_ns,dma_launch_ns,dma_completion_wait_ns,dma_bytes,dma_lists
0,3724779174,11293,748250,20878800,40061000,5146350,66834400,66844950,890,39876550,8248200,8019500,0,31172,0,5,0,0,0,0,0,0
1,1709657109,11294,911700,21173000,39370950,5315700,66771350,66878750,1015,39192800,8003700,7759050,0,31172,0,5,0,0,0,0,0,0
2,1894904752,11295,1451550,20910950,41763650,2638900,66765050,66876950,432,41584600,8235400,8001800,0,31172,0,5,0,0,0,0,0,0
3,3703759967,11296,834800,21841950,39875100,4210700,66762550,66876400,804,39690850,8067700,7861350,0,31172,0,5,0,0,0,0,0,0
4,19533624,11297,874400,21109100,39507000,5656400,67146900,67258800,977,39327750,8234450,8010200,0,31172,0,5,0,0,0,0,0,0
5,816884773,11298,851700,21179050,39729150,3882150,65642050,66496300,704,39547950,8212300,7967450,0,31172,0,5,0,0,0,0,0,0
6,1339236364,11299,1555800,20888350,40062700,4256350,66763200,66877150,803,39883650,7948250,7722600,0,31172,0,5,0,0,0,0,0,0
7,3072959373,11300,832850,20961900,39704600,5267850,66767200,66879400,919,39524750,8256000,8021250,0,31172,0,5,0,0,0,0,0,0
8,1782884746,11301,873900,21108600,39327500,5454150,66764150,66872500,1048,39144250,8004800,7766600,0,31172,0,5,0,0,0,0,0,0
9,30296781,11302,1362050,21017500,40081000,4314000,66774550,66881250,804,39900350,8251500,8007300,0,31492,0,5,0,0,0,0,0,0
10,4026418858,11303,870100,23284050,39735000,2874650,66763800,66876150,493,39555750,8153900,7334300,0,31492,0,5,0,0,0,0,0,0
11,2084929051,11304,837250,21096500,39511500,5566900,67012150,67123000,954,39334650,8192050,7950550,0,31492,0,5,0,0,0,0,0,0
12,3114489770,11305,871400,20971650,39390750,5289950,66523750,66633850,962,39205750,7812500,7596500,0,31172,0,5,0,0,0,0,0,0
13,891400471,11306,1556600,20982250,47082400,13859650,83480900,83590800,2710,46904650,7919950,7702500,0,31172,0,5,0,0,0,0,0,0
14,3472773456,11307,875400,23419250,40026200,2449050,66769900,66880800,398,39844000,8286050,8046250,0,31172,0,5,0,0,0,0,0,0
15,3010688243,11308,831900,20900850,40026300,5009650,66768700,66876450,865,39846600,8564950,8319150,0,31172,0,5,0,0,0,0,0,0
16,2819524756,11309,867050,20975600,39328550,5599300,66770500,66878050,1090,39139000,7800850,7577600,0,31172,0,5,0,0,0,0,0,0
17,3241678401,11310,1471400,21121600,41300950,2871500,66765450,66873250,457,41121300,8166550,7927550,0,31172,0,5,0,0,0,0,0,0
18,2154316504,11311,878900,21590200,38893600,5404750,66767450,66881550,857,38704000,8177850,7949050,0,31172,0,5,0,0,0,0,0,0
19,772262681,11312,842800,20928950,39656200,5698650,67126600,67234400,1021,39476150,8182550,7938750,0,31172,0,5,0,0,0,0,0,0
20,3882818750,11313,881250,21035150,39192650,5302900,66411950,66518450,1033,39003350,7807600,7577050,0,31172,0,5,0,0,0,0,0,0
21,521131153,11314,849800,21765150,39609150,4544600,66768700,66874850,874,39418850,8199050,7978050,0,31172,0,5,0,0,0,0,0,0
22,1838187414,11315,868100,21157550,39674300,5066700,66766650,66879650,877,38754600,8179600,7950050,0,31172,0,5,0,0,0,0,0,0
23,840574439,11316,832100,20994900,39360400,5574250,66761650,66874600,1079,39179100,7848000,7613750,0,31172,0,5,0,0,0,0,0,0
24,2879461878,11317,1445500,21074100,39310800,4939400,66769800,66877850,924,39124900,7875600,7657200,0,31172,0,5,0,0,0,0,0,0
25,202086035,11318,832700,23583200,39776300,2572650,66764850,66877350,426,39601250,8175600,7940900,0,31172,0,5,0,0,0,0,0,0
26,959703924,11319,879950,20848250,39666500,5597650,66992350,67104800,996,39481200,8179000,7945350,0,31172,0,5,0,0,0,0,0,0
27,3795724423,11320,841350,21150700,39235950,5309500,66537500,66647350,1031,39052350,7803850,7577300,0,31172,0,5,0,0,0,0,0,0
28,2500539904,11321,1661450,21488500,47025250,12578100,82753300,83598150,2419,46843550,7855850,7604950,0,31172,0,5,0,0,0,0,0,0
29,2269000541,11322,835900,21666500,39562550,4706850,66771800,66877650,911,39375350,8713300,7738650,0,31172,0,5,0,0,0,0,0,0
30,1900681108,11323,876500,21029250,39426900,5455700,66788350,66901300,928,39234850,8101400,7867950,0,31172,0,5,0,0,0,0,0,0
31,3680168245,11324,834250,21294700,39316700,5299250,66744900,66853050,1019,39140350,7848900,7622250,0,31172,0,5,0,0,0,0,0,0
32,2344329490,11325,1521050,20878750,41835800,2529500,66765100,66876100,411,41657050,8185450,7946650,0,31172,0,5,0,0,0,0,0,0
33,2130650181,11326,844800,21771650,38993400,5158850,66768700,66877250,895,38810000,8240950,8003950,0,31492,0,5,0,0,0,0,0,0
34,906966818,11327,877950,21399600,39649850,4845650,66773050,66880850,914,39463500,8350050,8109850,0,31492,0,5,0,0,0,0,0,0
35,3939376531,11328,837600,21040700,39646500,4810550,66335350,66872650,914,39463200,7910250,7669400,0,31492,0,5,0,0,0,0,0,0
36,2110688546,11329,879350,21585750,39488500,4818050,66771650,66879550,935,39297300,8779250,7786450,0,31172,0,5,0,0,0,0,0,0
37,2695523007,11330,829250,21064500,39938750,4935350,66767850,66877150,814,39751650,8257300,8014150,0,31172,0,5,0,0,0,0,0,0
38,744447992,11331,876050,20936950,39424650,5528250,66765900,66875400,1072,39236500,7813800,7596100,0,31172,0,5,0,0,0,0,0,0
39,3728640411,11332,1448450,20904700,39682650,4733600,66769400,66879350,910,39494450,7977650,7750450,0,31172,0,5,0,0,0,0,0,0
40,618879740,11333,876400,22311900,41373750,2206250,66768300,66876550,343,41180000,8186900,7943650,0,31172,0,5,0,0,0,0,0,0
41,1239708057,11334,843000,21108000,39737200,5473500,67161700,67268100,959,39552850,8350650,8103300,0,31172,0,5,0,0,0,0,0,0
42,2429742208,11335,873000,20932900,39402950,5168100,66376950,66486300,1000,39213850,7820350,7587550,0,31172,0,5,0,0,0,0,0,0
43,412095716,11336,830500,21550900,47642350,13464200,83487950,83598150,2595,47457550,7997550,7780100,0,31172,0,5,0,0,0,0,0,0
44,1226741467,11337,887200,21648400,39589800,4638000,66763400,66874150,896,39399250,8817150,8569250,0,31172,0,5,0,0,0,0,0,0
45,3288446148,11338,829150,20944450,39752750,5370250,66896600,67008850,942,39568900,8189100,7952250,0,31172,0,5,0,0,0,0,0,0
46,1157984843,11339,883200,21051100,39552200,5148200,66634700,66746600,987,39362500,7876850,7640950,0,31172,0,5,0,0,0,0,0,0
47,3877288378,11340,1586750,20938450,41501150,2739650,66766000,66877250,459,41318400,8200400,7962800,0,31172,0,5,0,0,0,0,0,0
48,4236526315,11341,884500,20793000,39625750,5463700,66766950,66876700,962,39435300,8203000,7390850,0,31172,0,5,0,0,0,0,0,0
49,533834014,11342,835650,20955900,40101400,4869700,66762650,66876400,920,39919800,8237650,7999100,0,31172,0,5,0,0,0,0,0,0
50,1649361089,11343,1350000,21017250,39408200,4991400,66766850,66876800,961,39210950,7974200,7752650,0,31172,0,5,0,0,0,0,0,0
51,2486981906,11344,1699850,21031450,39440650,3852950,66024900,66877050,719,39261500,7812800,7584550,0,31172,0,5,0,0,0,0,0,0
52,1706075277,11345,883400,20824650,39938900,5117250,66764200,66876550,890,39748150,8163400,7928050,0,31172,0,5,0,0,0,0,0,0
53,267972368,11346,833250,21152350,39224100,5564300,66774000,66880150,1086,39037050,7819400,7589400,0,31172,0,5,0,0,0,0,0,0
54,3895401273,11347,1677300,20804000,39567850,4716700,66765850,66875700,907,39374650,7933500,7716550,0,31172,0,5,0,0,0,0,0,0
55,605985656,11348,832850,20843000,42474500,2613700,66764050,66873950,442,41548050,8116950,7077950,0,31172,0,5,0,0,0,0,0,0
56,4077673024,11349,943750,20831150,39653700,5343900,66772500,66880250,1026,39471900,8171150,7951950,0,30852,0,5,0,0,0,0,0,0
57,985632231,11350,880850,21126350,39320000,5013250,66340450,66879550,965,39132200,7910200,7682650,0,30852,0,5,0,0,0,0,0,0
58,3720590956,11351,910950,21494450,47821850,13257050,83484300,83594000,2580,47626150,10539500,10270250,0,30852,0,5,0,0,0,0,0,0
59,3264032585,11352,866450,21968050,39430450,4504950,66769900,66878800,838,39246750,8744400,8487700,0,30852,0,5,0,0,0,0,0,0
60,395405688,11353,908350,20899250,39650500,5564500,67022600,67133650,985,39459650,8180700,7946650,0,30852,0,5,0,0,0,0,0,0
61,32142420,11354,874600,21060150,40004850,4568150,66507750,66615700,860,39821250,8085200,7853300,0,30852,0,5,0,0,0,0,0,0
62,1187067055,11355,1577100,21005350,40887250,3299050,66768750,66877550,587,40706450,8200350,7960900,0,30852,0,5,0,0,0,0,0,0
63,459140908,11356,877650,21021100,39659300,5208250,66766300,66879100,904,39477150,8327450,8090400,0,30852,0,5,0,0,0,0,0,0
64,3369786495,11357,912100,20886750,39977600,4995550,66772000,66878300,950,39795850,8537250,8292500,0,30852,0,5,0,0,0,0,0,0
65,1572434254,11358,1391100,21030750,39438750,4902050,66762650,66874050,946,39247600,7769250,7545050,0,30852,0,5,0,0,0,0,0,0
66,4107798823,11359,913950,21842500,39330850,4686150,66773450,66881200,878,39139650,8733450,8472900,0,30852,0,5,0,0,0,0,0,0
67,343968250,11360,865250,20956050,39570650,5599350,66991300,67104900,902,39391500,8128600,7879450,0,30852,0,5,0,0,0,0,0,0
68,3102454017,11361,926500,20896100,39226350,5491550,66540500,66647500,1073,39036700,7752000,7514900,0,30852,0,5,0,0,0,0,0,0
69,3051095563,11362,1568400,21078350,39585900,4539550,66772200,66878200,870,39394950,8093000,7864750,0,30852,0,5,0,0,0,0,0,0
70,2391331016,11363,914200,21711200,41029700,3110700,66765800,66876200,558,40836050,7893450,7657350,0,30852,0,5,0,0,0,0,0,0
71,3869016117,11364,877050,21311200,39602600,4979200,66770050,66877950,944,39422050,8128800,7892150,0,30852,0,5,0,0,0,0,0,0
72,1579800804,11365,1380250,20914250,39410050,5060050,66764600,66877650,981,39221950,7768200,7542550,0,30852,0,5,0,0,0,0,0,0
73,2792341157,11366,901150,21888750,49452600,11247050,83489550,83596950,2032,49272650,11015100,10748550,0,30852,0,5,0,0,0,0,0,0
74,714702942,11367,1778600,20910900,39656250,3649800,65995550,66873950,678,39469600,8007850,7786950,0,30852,0,5,0,0,0,0,0,0
75,1092538936,11368,879800,21200950,39470650,5587100,67138500,67249550,993,39282400,8172450,7937200,0,30852,0,5,0,0,0,0,0,0
76,1561271239,11369,920800,21116800,39346250,5017400,66401250,66507600,965,39156050,7963850,7742650,0,31172,0,5,0,0,0,0,0,0
77,3798074098,11370,873150,21887900,41683350,2326250,66770650,66877250,351,41495850,9952550,9683600,0,31172,0,5,0,0,0,0,0,0
78,3022639071,11371,906950,20880350,39565400,5410850,66763550,66876550,949,39373950,8115750,7885000,0,31172,0,5,0,0,0,0,0,0
79,2282770062,11372,874750,21085750,39064950,5739600,66765050,66875250,1094,38876250,7747750,7515350,0,30852,0,5,0,0,0,0,0,0
80,1626512457,11373,1478500,21259500,39332000,4699550,66769550,66879300,900,39145100,7756900,7532900,0,30852,0,5,0,0,0,0,0,0
81,3156888026,11374,873500,21773100,39576500,4541550,66764650,66874200,876,39391750,8684400,8434750,0,30852,0,5,0,0,0,0,0,0
82,3038824309,11375,915300,21050000,39388900,5646850,67001050,67113900,1006,39202550,8056050,7828950,0,30852,0,5,0,0,0,0,0,0
83,1261846460,11376,877050,21490050,39317100,4849100,66533300,66645200,921,39133700,7974300,7736350,0,30852,0,5,0,0,0,0,0,0
84,2035201521,11377,1548000,20868350,39557700,4788900,66762950,66875200,925,39367550,8000800,7790400,0,30852,0,5,0,0,0,0,0,0
85,2164446652,11378,868450,20940400,42017450,2941550,66767850,66876100,518,41829000,7751300,7512800,0,30852,0,5,0,0,0,0,0,0
86,2017191835,11379,917800,21050750,39758650,5042200,66769400,66877400,929,39570300,8109350,7877200,0,30852,0,5,0,0,0,0,0,0
87,3029138484,11380,1386400,20993000,39438400,4942700,66760500,66875400,954,39248700,7775050,7547750,0,30852,0,5,0,0,0,0,0,0
88,50355403,11381,913200,21710450,45692900,15172900,83489450,83597700,2851,45502000,14921000,14591400,0,30852,0,5,0,0,0,0,0,0
89,654213990,11382,883400,22319100,39467300,4100950,66770750,66880250,782,39279550,7944950,7721700,0,30852,0,5,0,0,0,0,0,0
90,2360099787,11383,902700,20863800,39473250,5518850,66758600,66873050,1064,39288150,7989400,7774550,0,30852,0,5,0,0,0,0,0,0
91,2424818746,11384,881300,20984350,39314050,5153550,66333250,66877750,998,39128100,7763200,7530400,0,30852,0,5,0,0,0,0,0,0
92,1971386461,11385,914600,22030350,40905550,2918550,66769050,66877200,467,40713400,9467050,9251300,0,30852,0,5,0,0,0,0,0,0
93,3386045126,11386,878450,20960200,39627850,5298950,66765450,66880250,929,39447000,8068650,7830250,0,30852,0,5,0,0,0,0,0,0
94,1429641961,11387,921000,20873100,39296950,5671800,66762850,66872600,1110,39113050,7727150,7511200,0,30852,0,5,0,0,0,0,0,0
95,3022846880,11388,1484350,21042850,39699050,4541400,66767650,66879150,867,39510550,7738850,7509150,0,30852,0,5,0,0,0,0,0,0
96,1601897261,11389,916550,21870950,38820650,5160750,66768900,66878950,888,38633050,8264150,8029000,0,30852,0,5,0,0,0,0,0,0
97,1229951528,11390,872600,20948750,39602600,5694300,67118250,67228150,1018,39421200,8109100,7878700,0,30852,0,5,0,0,0,0,0,0
98,4065171759,11391,923550,21042100,39789150,3924900,65679700,66525800,716,39596900,8037550,7809500,0,30852,0,5,0,0,0,0,0,0
99,1034325744,11392,875650,21712050,39559800,4616000,66763500,66878000,888,39377000,8115750,7903550,0,30852,0,5,0,0,0,0,0,0
100,14078671,11393,910800,20881000,41944150,3026000,66761950,66876350,542,41755600,7825150,7587650,0,31172,0,5,0,0,0,0,0,0
101,4024270554,11394,876950,20979550,40090800,4815950,66763250,66873500,911,39909250,8173500,7931500,0,31172,0,5,0,0,0,0,0,0
102,896191351,11395,1467500,21036900,39419850,4844500,66768750,66880100,934,39232500,7883050,7663800,0,31172,0,5,0,0,0,0,0,0
103,2131384102,11396,880650,21944100,42095050,3688100,68607900,68714850,113,41901400,11408400,11121400,0,30852,0,5,0,0,0,0,0,0
104,2586210593,11397,1763450,20912300,39859000,2705300,65240050,65362150,469,39667450,7735200,7520950,0,30852,0,5,0,0,0,0,0,0
105,591918370,11398,879300,20984700,39229150,5350650,66443800,66551950,1042,39053050,7745400,7520550,0,30852,0,5,0,0,0,0,0,0
106,8814317,11399,1573800,21030600,39583950,4579400,66767750,66878950,876,39396350,8188350,7976650,0,30852,0,5,0,0,0,0,0,0
107,2340504196,11400,872700,20915000,40003500,4975700,66766900,66879350,841,39819700,8469350,8226800,0,30852,0,5,0,0,0,0,0,0
108,3523076009,11401,913500,23223800,38874100,3748800,66760200,66872300,673,38695000,8179750,7932850,0,30852,0,5,0,0,0,0,0,0
109,1961669028,11402,1382400,21130150,39271650,4983550,66767750,66877150,961,39092500,7783500,7548900,0,30852,0,5,0,0,0,0,0,0
110,1037581603,11403,911100,21780200,39529100,4549950,66770350,66879550,810,39340950,8900050,8642600,0,30852,0,5,0,0,0,0,0,0
111,2701024588,11404,874900,20924200,39570500,5470850,66840450,66954050,966,39393250,8139400,7888300,0,30852,0,5,0,0,0,0,0,0
112,215037203,11405,914450,20884400,39365100,5528000,66691950,66801300,1081,39182300,7773850,7555600,0,30852,0,5,0,0,0,0,0,0
113,3696282862,11406,1533000,21028600,39653000,4552250,66766850,66876150,869,39471900,8206850,7986000,0,30852,0,5,0,0,0,0,0,0
114,2829142928,11407,913100,22003600,39526900,4321150,66764750,66878650,834,38756700,8190100,7937450,0,30852,0,5,0,0,0,0,0,0
115,3204762949,11408,868950,20935500,41069250,3885250,66758950,66874550,667,40883150,9489400,9233350,0,30852,0,5,0,0,0,0,0,0
116,3297489190,11409,1386500,21051150,39200250,5124000,66761900,66877700,993,39011750,7764650,7544800,0,30852,0,5,0,0,0,0,0,0
117,1691704917,11410,873950,22142950,39612650,4139400,66768950,66877300,784,39432600,7946900,7722550,0,30852,0,5,0,0,0,0,0,0
118,663957814,11411,932450,20850250,39549650,5431550,66763900,66876300,956,39363000,8116750,7887550,0,30852,0,5,0,0,0,0,0,0
119,3058583827,11412,870650,28898550,39250600,14798350,83818150,83931150,2796,39063950,7736450,7504050,0,30852,0,5,0,0,0,0,0,0
120,838545270,11413,915150,21276350,39407350,4838500,66437350,66544950,919,39229100,7811250,7589650,0,30852,0,5,0,0,0,0,0,0
121,3608912039,11414,1691500,21065100,39337550,3920400,66014550,66873200,729,39157750,7752400,7527700,0,30852,0,5,0,0,0,0,0,0
122,4080159716,11415,918450,21052050,39542450,5252750,66765700,66881450,886,39358550,8192300,7960150,0,30852,0,5,0,0,0,0,0,0
123,1056027075,11416,870000,24069150,39695100,2126900,66761150,66872850,450,39507450,7966900,7730750,0,30852,0,5,0,0,0,0,0,0
124,4057021248,11417,1552000,20942150,39595750,4686100,66776000,66878450,898,39406750,7796200,7568800,0,31172,0,5,0,0,0,0,0,0
125,2686741161,11418,880950,21923000,39481200,4483350,66768500,66877800,863,39293100,7967550,7752300,0,31172,0,5,0,0,0,0,0,0
126,3870849660,11419,906250,21405100,39607950,5052400,66971700,67082450,870,39425600,8260450,8022100,0,31172,0,5,0,0,0,0,0,0
127,293449641,11420,867550,21049150,39288500,5357400,66562600,66673000,1043,39106350,7777950,7541250,0,30852,0,5,0,0,0,0,0,0
128,596064266,11421,1591850,20819900,39512400,4844250,66768400,66877000,939,39321050,7989750,7783750,0,30852,0,5,0,0,0,0,0,0
129,3715495249,11422,879650,21036100,39747450,5105550,66768750,66877600,855,38812900,8110100,7873500,0,30852,0,5,0,0,0,0,0,0
130,244680018,11423,921000,20973200,39525400,5346900,66766500,66875850,933,39339650,7983850,7766200,0,30852,0,5,0,0,0,0,0,0
131,4080661783,11424,2478150,20954200,39611950,3724650,66768950,66876300,672,39428450,8070350,7826100,0,30852,0,5,0,0,0,0,0,0
132,4006730450,11425,934300,21800050,41678300,2359500,66772150,66880100,378,41493400,8053800,7823200,0,30852,0,5,0,0,0,0,0,0
133,3864584507,11426,881600,21037300,39511250,5394100,66824250,66932900,945,39320250,8193800,7953700,0,30852,0,5,0,0,0,0,0,0
134,2711027320,11427,906450,28355450,39666850,14496900,83425650,83539350,2845,39468000,7882550,7653600,0,30852,0,5,0,0,0,0,0,0
135,4099079087,11428,870650,21140200,39623050,4697700,66331600,66875750,858,39442450,7839900,7607950,0,30852,0,5,0,0,0,0,0,0
136,565333772,11429,913800,21523900,39457200,4869200,66764100,66877000,946,39265700,7906550,7704300,0,30852,0,5,0,0,0,0,0,0
137,1028518269,11430,867900,20906900,39632300,5356800,66763900,66877950,942,39450200,8075350,7831500,0,30852,0,5,0,0,0,0,0,0
138,2252688136,11431,918050,21062050,41206450,3581050,66767600,66876550,636,41020500,8128150,7880750,0,30852,0,5,0,0,0,0,0,0
139,578597309,11432,1475250,21139450,39396800,4755450,66766950,66877150,916,39207450,7919750,7683900,0,30852,0,5,0,0,0,0,0,0
140,3624439358,11433,910550,21567500,38875400,5415400,66768850,66877200,951,38682850,8119000,7883050,0,30852,0,5,0,0,0,0,0,0
141,3514067501,11434,881100,20961950,39949050,5310650,67102750,67210750,930,39767000,8072000,7838650,0,30852,0,5,0,0,0,0,0,0
142,2741972910,11435,917700,21108350,39148650,5255500,66430200,66546000,992,38960700,7763400,7545800,0,30852,0,5,0,0,0,0,0,0
143,28497579,11436,876900,21481250,39528200,4875150,66761500,66874150,948,39339550,7953400,7747400,0,30852,0,5,0,0,0,0,0,0
144,466729326,11437,923750,21804150,40072250,3226050,66026200,66879500,587,39872900,7965100,7747700,0,30852,0,5,0,0,0,0,0,0
145,3425349295,11438,876550,21155100,39162600,5572100,66766350,66877450,1078,38972550,7787550,7555450,0,30852,0,5,0,0,0,0,0,0
146,1537640620,11439,2808800,21101450,39512650,3344150,66767050,66878550,592,39323150,8195800,7960850,0,30852,0,5,0,0,0,0,0,0
147,1853842891,11440,874100,21752800,39834950,4300850,66762700,66872100,824,39650450,9090250,8831100,0,30852,0,5,0,0,0,0,0,0
148,1177024904,11441,904800,20853750,39638750,5556450,66953750,67063500,987,39454550,8128050,7892250,0,31172,0,5,0,0,0,0,0,0
149,4106734849,11442,870700,21121450,47582900,13731000,83306050,83414450,2670,47402800,7994250,7758350,0,31172,0,5,0,0,0,0,0,0
150,2025356500,11443,1398800,20937550,40115050,4308350,66759750,66872500,805,39928350,8050100,7824600,0,31172,0,5,0,0,0,0,0,0
151,2189605121,11444,880400,21893000,39465400,4532350,66771150,66878450,873,39280100,8018650,7808550,0,30852,0,5,0,0,0,0,0,0
152,4086136290,11445,912800,21061750,39572650,5225450,66772650,66880300,914,39379800,8273700,8034500,0,30852,0,5,0,0,0,0,0,0
153,4036669705,11446,874900,20994900,42238200,2660450,66768450,66874300,565,41490450,8198200,7949850,0,30852,0,5,0,0,0,0,0,0
154,4167980074,11447,1585650,20841750,39573800,4776050,66777250,66879350,919,39381100,7887650,7661850,0,30852,0,5,0,0,0,0,0,0
155,51187407,11448,871650,21994750,38777600,5121800,66765800,66875650,852,38590250,8200100,7956500,0,30852,0,5,0,0,0,0,0,0
156,2242638442,11449,915050,20926600,40003150,4925800,66770600,66878550,915,39819850,8484600,8253100,0,30852,0,5,0,0,0,0,0,0
157,2730108163,11450,894600,21038550,39519500,4891300,66343950,66874100,930,39336200,7770550,6941700,0,30852,0,5,0,0,0,0,0,0
158,2718743917,11451,920200,21687900,39432650,4719350,66760100,66878950,915,39248350,7999950,7789800,0,30852,0,5,0,0,0,0,0,0
159,3391709842,11452,870600,21072150,39700650,5219000,66862400,66976500,850,39518900,8351500,8102000,0,30852,0,5,0,0,0,0,0,0
160,1164604273,11453,913450,20921150,39268950,5568050,66671600,66777700,1084,39081700,7757050,7535050,0,30852,0,5,0,0,0,0,0,0
161,2148591176,11454,1450000,22814700,39622950,2881600,66769250,66878150,488,39439300,8190000,7948700,0,30852,0,5,0,0,0,0,0,0
162,4192737573,11455,916700,21886950,39485850,4473350,66762850,66875450,862,38572950,8168700,7921450,0,30852,0,5,0,0,0,0,0,0
163,535584840,11456,882700,21269250,39644300,5276200,67072450,67186000,925,39464300,8138250,7901200,0,30852,0,5,0,0,0,0,0,0
164,3430794475,11457,923200,20893850,47094250,14265350,83176650,83289700,2793,46914950,7805550,7568050,0,30852,0,5,0,0,0,0,0,0
165,776323552,11458,1544200,20962850,39456700,4809050,66772800,66880500,857,39270900,7764450,7543500,0,30852,0,5,0,0,0,0,0,0
166,3330991427,11459,913100,21690300,39543050,4614450,66760900,66870650,891,39351300,8704900,7758750,0,30852,0,5,0,0,0,0,0,0
167,3282074430,11460,886950,20939100,39582600,5436700,66845350,66958650,958,39394700,8124000,7881300,0,30852,0,5,0,0,0,0,0,0
168,2597814595,11461,917750,21056750,41475800,3233150,66683450,66796950,556,41288950,8327900,8071250,0,30852,0,5,0,0,0,0,0,0
169,2225601370,11462,1537850,21328050,39458400,4447400,66771700,66879350,848,39276650,7777950,7542000,0,30852,0,5,0,0,0,0,0,0
170,3716853465,11463,920500,20770750,39582050,5489450,66762750,66875450,968,39395050,8172250,7929750,0,30852,0,5,0,0,0,0,0,0
171,1080675697,11464,888850,20857100,38764750,6257050,66767750,66875050,1237,38584050,7763750,7534600,0,30212,0,5,0,0,0,0,0,0
172,219920238,11465,1516400,20960450,39006600,5287550,66771000,66878050,1030,38818450,7839900,7615300,0,30212,0,5,0,0,0,0,0,0
173,3070385651,11466,873000,21421850,38496100,5976000,66766950,66878150,1074,38314250,8049250,7808000,0,30212,0,5,0,0,0,0,0,0
174,2609556270,11467,916300,20655850,38703450,6492000,66767600,66878350,1194,38521250,7679850,7456100,0,30212,0,5,0,0,0,0,0,0
175,141401383,11468,870650,21194700,38973350,5728350,66767050,66878250,1122,38796750,7998950,7776600,0,30212,0,5,0,0,0,0,0,0
176,3034105280,11469,1535350,22068900,38779100,4382500,66765850,66874900,830,38589400,7618950,7388700,0,30212,0,5,0,0,0,0,0,0
177,3029196371,11470,866400,20632850,39165500,6106000,66770750,66878150,1101,38985550,7999650,7757500,0,30212,0,5,0,0,0,0,0,0
178,699378668,11471,920700,20857850,39038500,5947900,66764950,66873800,1160,38854900,7675450,7460350,0,30212,0,5,0,0,0,0,0,0
179,2402609405,11472,879400,20761500,46689700,14598900,82929500,83600750,2879,46508400,7860600,7637700,0,30212,0,5,0,0,0,0,0,0
