cell,primitive
rasterixgen.rasterix/commandfifo/inst/gen_fifo.xpm_fifo_axis_inst/xpm_fifo_base_inst/gen_sdpram.xpm_memory_base_inst/gen_wr_a.gen_word_narrow.mem_reg,RAMB18E1
rasterixgen.rasterix/display/display/u_fifo/u_ram/ram_reg_0,RAMB36E1
rasterixgen.rasterix/display/display/u_fifo/u_ram/ram_reg_1,RAMB36E1
rasterixgen.rasterix/gpu/rixif/colorBuffer/internalFramebufferRam/ramTile/genblk1[0].xpm_memory_sdpram_inst/xpm_memory_base_inst/gen_wr_a.gen_word_narrow.mem_reg_0,RAMB36E1
rasterixgen.rasterix/gpu/rixif/colorBuffer/internalFramebufferRam/ramTile/genblk1[0].xpm_memory_sdpram_inst/xpm_memory_base_inst/gen_wr_a.gen_word_narrow.mem_reg_1,RAMB36E1
rasterixgen.rasterix/gpu/rixif/colorBuffer/internalFramebufferRam/ramTile/genblk1[0].xpm_memory_sdpram_inst/xpm_memory_base_inst/gen_wr_a.gen_word_narrow.mem_reg_2,RAMB18E1
rasterixgen.rasterix/gpu/rixif/colorBuffer/internalFramebufferRam/ramTile/genblk1[10].xpm_memory_sdpram_inst/xpm_memory_base_inst/gen_wr_a.gen_word_narrow.mem_reg_0,RAMB36E1
rasterixgen.rasterix/gpu/rixif/colorBuffer/internalFramebufferRam/ramTile/genblk1[10].xpm_memory_sdpram_inst/xpm_memory_base_inst/gen_wr_a.gen_word_narrow.mem_reg_1,RAMB36E1
rasterixgen.rasterix/gpu/rixif/colorBuffer/internalFramebufferRam/ramTile/genblk1[10].xpm_memory_sdpram_inst/xpm_memory_base_inst/gen_wr_a.gen_word_narrow.mem_reg_2,RAMB18E1
rasterixgen.rasterix/gpu/rixif/colorBuffer/internalFramebufferRam/ramTile/genblk1[11].xpm_memory_sdpram_inst/xpm_memory_base_inst/gen_wr_a.gen_word_narrow.mem_reg_0,RAMB36E1
rasterixgen.rasterix/gpu/rixif/colorBuffer/internalFramebufferRam/ramTile/genblk1[11].xpm_memory_sdpram_inst/xpm_memory_base_inst/gen_wr_a.gen_word_narrow.mem_reg_1,RAMB36E1
rasterixgen.rasterix/gpu/rixif/colorBuffer/internalFramebufferRam/ramTile/genblk1[11].xpm_memory_sdpram_inst/xpm_memory_base_inst/gen_wr_a.gen_word_narrow.mem_reg_2,RAMB18E1
rasterixgen.rasterix/gpu/rixif/colorBuffer/internalFramebufferRam/ramTile/genblk1[1].xpm_memory_sdpram_inst/xpm_memory_base_inst/gen_wr_a.gen_word_narrow.mem_reg_0,RAMB36E1
rasterixgen.rasterix/gpu/rixif/colorBuffer/internalFramebufferRam/ramTile/genblk1[1].xpm_memory_sdpram_inst/xpm_memory_base_inst/gen_wr_a.gen_word_narrow.mem_reg_1,RAMB36E1
rasterixgen.rasterix/gpu/rixif/colorBuffer/internalFramebufferRam/ramTile/genblk1[1].xpm_memory_sdpram_inst/xpm_memory_base_inst/gen_wr_a.gen_word_narrow.mem_reg_2,RAMB18E1
rasterixgen.rasterix/gpu/rixif/colorBuffer/internalFramebufferRam/ramTile/genblk1[2].xpm_memory_sdpram_inst/xpm_memory_base_inst/gen_wr_a.gen_word_narrow.mem_reg_0,RAMB36E1
rasterixgen.rasterix/gpu/rixif/colorBuffer/internalFramebufferRam/ramTile/genblk1[2].xpm_memory_sdpram_inst/xpm_memory_base_inst/gen_wr_a.gen_word_narrow.mem_reg_1,RAMB36E1
rasterixgen.rasterix/gpu/rixif/colorBuffer/internalFramebufferRam/ramTile/genblk1[2].xpm_memory_sdpram_inst/xpm_memory_base_inst/gen_wr_a.gen_word_narrow.mem_reg_2,RAMB18E1
rasterixgen.rasterix/gpu/rixif/colorBuffer/internalFramebufferRam/ramTile/genblk1[3].xpm_memory_sdpram_inst/xpm_memory_base_inst/gen_wr_a.gen_word_narrow.mem_reg_0,RAMB36E1
rasterixgen.rasterix/gpu/rixif/colorBuffer/internalFramebufferRam/ramTile/genblk1[3].xpm_memory_sdpram_inst/xpm_memory_base_inst/gen_wr_a.gen_word_narrow.mem_reg_1,RAMB36E1
rasterixgen.rasterix/gpu/rixif/colorBuffer/internalFramebufferRam/ramTile/genblk1[3].xpm_memory_sdpram_inst/xpm_memory_base_inst/gen_wr_a.gen_word_narrow.mem_reg_2,RAMB18E1
rasterixgen.rasterix/gpu/rixif/colorBuffer/internalFramebufferRam/ramTile/genblk1[4].xpm_memory_sdpram_inst/xpm_memory_base_inst/gen_wr_a.gen_word_narrow.mem_reg_0,RAMB36E1
rasterixgen.rasterix/gpu/rixif/colorBuffer/internalFramebufferRam/ramTile/genblk1[4].xpm_memory_sdpram_inst/xpm_memory_base_inst/gen_wr_a.gen_word_narrow.mem_reg_1,RAMB36E1
rasterixgen.rasterix/gpu/rixif/colorBuffer/internalFramebufferRam/ramTile/genblk1[4].xpm_memory_sdpram_inst/xpm_memory_base_inst/gen_wr_a.gen_word_narrow.mem_reg_2,RAMB18E1
rasterixgen.rasterix/gpu/rixif/colorBuffer/internalFramebufferRam/ramTile/genblk1[5].xpm_memory_sdpram_inst/xpm_memory_base_inst/gen_wr_a.gen_word_narrow.mem_reg_0,RAMB36E1
rasterixgen.rasterix/gpu/rixif/colorBuffer/internalFramebufferRam/ramTile/genblk1[5].xpm_memory_sdpram_inst/xpm_memory_base_inst/gen_wr_a.gen_word_narrow.mem_reg_1,RAMB36E1
rasterixgen.rasterix/gpu/rixif/colorBuffer/internalFramebufferRam/ramTile/genblk1[5].xpm_memory_sdpram_inst/xpm_memory_base_inst/gen_wr_a.gen_word_narrow.mem_reg_2,RAMB18E1
rasterixgen.rasterix/gpu/rixif/colorBuffer/internalFramebufferRam/ramTile/genblk1[6].xpm_memory_sdpram_inst/xpm_memory_base_inst/gen_wr_a.gen_word_narrow.mem_reg_0,RAMB36E1
rasterixgen.rasterix/gpu/rixif/colorBuffer/internalFramebufferRam/ramTile/genblk1[6].xpm_memory_sdpram_inst/xpm_memory_base_inst/gen_wr_a.gen_word_narrow.mem_reg_1,RAMB36E1
rasterixgen.rasterix/gpu/rixif/colorBuffer/internalFramebufferRam/ramTile/genblk1[6].xpm_memory_sdpram_inst/xpm_memory_base_inst/gen_wr_a.gen_word_narrow.mem_reg_2,RAMB18E1
rasterixgen.rasterix/gpu/rixif/colorBuffer/internalFramebufferRam/ramTile/genblk1[7].xpm_memory_sdpram_inst/xpm_memory_base_inst/gen_wr_a.gen_word_narrow.mem_reg_0,RAMB36E1
rasterixgen.rasterix/gpu/rixif/colorBuffer/internalFramebufferRam/ramTile/genblk1[7].xpm_memory_sdpram_inst/xpm_memory_base_inst/gen_wr_a.gen_word_narrow.mem_reg_1,RAMB36E1
rasterixgen.rasterix/gpu/rixif/colorBuffer/internalFramebufferRam/ramTile/genblk1[7].xpm_memory_sdpram_inst/xpm_memory_base_inst/gen_wr_a.gen_word_narrow.mem_reg_2,RAMB18E1
rasterixgen.rasterix/gpu/rixif/colorBuffer/internalFramebufferRam/ramTile/genblk1[8].xpm_memory_sdpram_inst/xpm_memory_base_inst/gen_wr_a.gen_word_narrow.mem_reg_0,RAMB36E1
rasterixgen.rasterix/gpu/rixif/colorBuffer/internalFramebufferRam/ramTile/genblk1[8].xpm_memory_sdpram_inst/xpm_memory_base_inst/gen_wr_a.gen_word_narrow.mem_reg_1,RAMB36E1
rasterixgen.rasterix/gpu/rixif/colorBuffer/internalFramebufferRam/ramTile/genblk1[8].xpm_memory_sdpram_inst/xpm_memory_base_inst/gen_wr_a.gen_word_narrow.mem_reg_2,RAMB18E1
rasterixgen.rasterix/gpu/rixif/colorBuffer/internalFramebufferRam/ramTile/genblk1[9].xpm_memory_sdpram_inst/xpm_memory_base_inst/gen_wr_a.gen_word_narrow.mem_reg_0,RAMB36E1
rasterixgen.rasterix/gpu/rixif/colorBuffer/internalFramebufferRam/ramTile/genblk1[9].xpm_memory_sdpram_inst/xpm_memory_base_inst/gen_wr_a.gen_word_narrow.mem_reg_1,RAMB36E1
rasterixgen.rasterix/gpu/rixif/colorBuffer/internalFramebufferRam/ramTile/genblk1[9].xpm_memory_sdpram_inst/xpm_memory_base_inst/gen_wr_a.gen_word_narrow.mem_reg_2,RAMB18E1
rasterixgen.rasterix/gpu/rixif/depthBuffer/internalFramebufferRam/ramTile/genblk1[0].xpm_memory_sdpram_inst/xpm_memory_base_inst/gen_wr_a.gen_word_narrow.mem_reg_0,RAMB36E1
rasterixgen.rasterix/gpu/rixif/depthBuffer/internalFramebufferRam/ramTile/genblk1[0].xpm_memory_sdpram_inst/xpm_memory_base_inst/gen_wr_a.gen_word_narrow.mem_reg_1,RAMB36E1
rasterixgen.rasterix/gpu/rixif/depthBuffer/internalFramebufferRam/ramTile/genblk1[0].xpm_memory_sdpram_inst/xpm_memory_base_inst/gen_wr_a.gen_word_narrow.mem_reg_2,RAMB36E1
rasterixgen.rasterix/gpu/rixif/depthBuffer/internalFramebufferRam/ramTile/genblk1[0].xpm_memory_sdpram_inst/xpm_memory_base_inst/gen_wr_a.gen_word_narrow.mem_reg_3,RAMB36E1
rasterixgen.rasterix/gpu/rixif/depthBuffer/internalFramebufferRam/ramTile/genblk1[0].xpm_memory_sdpram_inst/xpm_memory_base_inst/gen_wr_a.gen_word_narrow.mem_reg_4,RAMB36E1
rasterixgen.rasterix/gpu/rixif/depthBuffer/internalFramebufferRam/ramTile/genblk1[0].xpm_memory_sdpram_inst/xpm_memory_base_inst/gen_wr_a.gen_word_narrow.mem_reg_5,RAMB36E1
rasterixgen.rasterix/gpu/rixif/depthBuffer/internalFramebufferRam/ramTile/genblk1[0].xpm_memory_sdpram_inst/xpm_memory_base_inst/gen_wr_a.gen_word_narrow.mem_reg_6,RAMB36E1
rasterixgen.rasterix/gpu/rixif/depthBuffer/internalFramebufferRam/ramTile/genblk1[0].xpm_memory_sdpram_inst/xpm_memory_base_inst/gen_wr_a.gen_word_narrow.mem_reg_7,RAMB36E1
rasterixgen.rasterix/gpu/rixif/depthBuffer/internalFramebufferRam/ramTile/genblk1[1].xpm_memory_sdpram_inst/xpm_memory_base_inst/gen_wr_a.gen_word_narrow.mem_reg_0,RAMB36E1
rasterixgen.rasterix/gpu/rixif/depthBuffer/internalFramebufferRam/ramTile/genblk1[1].xpm_memory_sdpram_inst/xpm_memory_base_inst/gen_wr_a.gen_word_narrow.mem_reg_1,RAMB36E1
rasterixgen.rasterix/gpu/rixif/depthBuffer/internalFramebufferRam/ramTile/genblk1[1].xpm_memory_sdpram_inst/xpm_memory_base_inst/gen_wr_a.gen_word_narrow.mem_reg_2,RAMB36E1
rasterixgen.rasterix/gpu/rixif/depthBuffer/internalFramebufferRam/ramTile/genblk1[1].xpm_memory_sdpram_inst/xpm_memory_base_inst/gen_wr_a.gen_word_narrow.mem_reg_3,RAMB36E1
rasterixgen.rasterix/gpu/rixif/depthBuffer/internalFramebufferRam/ramTile/genblk1[1].xpm_memory_sdpram_inst/xpm_memory_base_inst/gen_wr_a.gen_word_narrow.mem_reg_4,RAMB36E1
rasterixgen.rasterix/gpu/rixif/depthBuffer/internalFramebufferRam/ramTile/genblk1[1].xpm_memory_sdpram_inst/xpm_memory_base_inst/gen_wr_a.gen_word_narrow.mem_reg_5,RAMB36E1
rasterixgen.rasterix/gpu/rixif/depthBuffer/internalFramebufferRam/ramTile/genblk1[1].xpm_memory_sdpram_inst/xpm_memory_base_inst/gen_wr_a.gen_word_narrow.mem_reg_6,RAMB36E1
rasterixgen.rasterix/gpu/rixif/depthBuffer/internalFramebufferRam/ramTile/genblk1[1].xpm_memory_sdpram_inst/xpm_memory_base_inst/gen_wr_a.gen_word_narrow.mem_reg_7,RAMB36E1
rasterixgen.rasterix/gpu/rixif/depthBuffer/internalFramebufferRam/ramTile/genblk1[2].xpm_memory_sdpram_inst/xpm_memory_base_inst/gen_wr_a.gen_word_narrow.mem_reg_0,RAMB36E1
rasterixgen.rasterix/gpu/rixif/depthBuffer/internalFramebufferRam/ramTile/genblk1[2].xpm_memory_sdpram_inst/xpm_memory_base_inst/gen_wr_a.gen_word_narrow.mem_reg_1,RAMB36E1
rasterixgen.rasterix/gpu/rixif/depthBuffer/internalFramebufferRam/ramTile/genblk1[2].xpm_memory_sdpram_inst/xpm_memory_base_inst/gen_wr_a.gen_word_narrow.mem_reg_2,RAMB36E1
rasterixgen.rasterix/gpu/rixif/depthBuffer/internalFramebufferRam/ramTile/genblk1[2].xpm_memory_sdpram_inst/xpm_memory_base_inst/gen_wr_a.gen_word_narrow.mem_reg_3,RAMB36E1
rasterixgen.rasterix/gpu/rixif/depthBuffer/internalFramebufferRam/ramTile/genblk1[2].xpm_memory_sdpram_inst/xpm_memory_base_inst/gen_wr_a.gen_word_narrow.mem_reg_4,RAMB36E1
rasterixgen.rasterix/gpu/rixif/depthBuffer/internalFramebufferRam/ramTile/genblk1[2].xpm_memory_sdpram_inst/xpm_memory_base_inst/gen_wr_a.gen_word_narrow.mem_reg_5,RAMB36E1
rasterixgen.rasterix/gpu/rixif/depthBuffer/internalFramebufferRam/ramTile/genblk1[2].xpm_memory_sdpram_inst/xpm_memory_base_inst/gen_wr_a.gen_word_narrow.mem_reg_6,RAMB36E1
rasterixgen.rasterix/gpu/rixif/depthBuffer/internalFramebufferRam/ramTile/genblk1[2].xpm_memory_sdpram_inst/xpm_memory_base_inst/gen_wr_a.gen_word_narrow.mem_reg_7,RAMB36E1
rasterixgen.rasterix/gpu/rixif/depthBuffer/internalFramebufferRam/ramTile/genblk1[3].xpm_memory_sdpram_inst/xpm_memory_base_inst/gen_wr_a.gen_word_narrow.mem_reg_0,RAMB36E1
rasterixgen.rasterix/gpu/rixif/depthBuffer/internalFramebufferRam/ramTile/genblk1[3].xpm_memory_sdpram_inst/xpm_memory_base_inst/gen_wr_a.gen_word_narrow.mem_reg_1,RAMB36E1
rasterixgen.rasterix/gpu/rixif/depthBuffer/internalFramebufferRam/ramTile/genblk1[3].xpm_memory_sdpram_inst/xpm_memory_base_inst/gen_wr_a.gen_word_narrow.mem_reg_2,RAMB36E1
rasterixgen.rasterix/gpu/rixif/depthBuffer/internalFramebufferRam/ramTile/genblk1[3].xpm_memory_sdpram_inst/xpm_memory_base_inst/gen_wr_a.gen_word_narrow.mem_reg_3,RAMB36E1
rasterixgen.rasterix/gpu/rixif/depthBuffer/internalFramebufferRam/ramTile/genblk1[3].xpm_memory_sdpram_inst/xpm_memory_base_inst/gen_wr_a.gen_word_narrow.mem_reg_4,RAMB36E1
rasterixgen.rasterix/gpu/rixif/depthBuffer/internalFramebufferRam/ramTile/genblk1[3].xpm_memory_sdpram_inst/xpm_memory_base_inst/gen_wr_a.gen_word_narrow.mem_reg_5,RAMB36E1
rasterixgen.rasterix/gpu/rixif/depthBuffer/internalFramebufferRam/ramTile/genblk1[3].xpm_memory_sdpram_inst/xpm_memory_base_inst/gen_wr_a.gen_word_narrow.mem_reg_6,RAMB36E1
rasterixgen.rasterix/gpu/rixif/depthBuffer/internalFramebufferRam/ramTile/genblk1[3].xpm_memory_sdpram_inst/xpm_memory_base_inst/gen_wr_a.gen_word_narrow.mem_reg_7,RAMB36E1
rasterixgen.rasterix/gpu/rixif/graphicCore/streamConcatFifo/stream0_fifo/mem_reg_0,RAMB36E1
rasterixgen.rasterix/gpu/rixif/graphicCore/streamConcatFifo/stream0_fifo/mem_reg_1,RAMB18E1
rasterixgen.rasterix/gpu/rixif/graphicCore/streamConcatFifo/stream1_fifo/mem_reg,RAMB18E1
rasterixgen.rasterix/gpu/rixif/graphicCore/streamConcatFifo/stream2_fifo/mem_reg,RAMB18E1
rasterixgen.rasterix/gpu/rixif/graphicCore/textureBufferTMU0/texCacheEvenS/ram0/genblk1[0].xpm_memory_tdpram_inst/xpm_memory_base_inst/gen_wr_a.gen_word_narrow.mem_reg_0,RAMB36E1
rasterixgen.rasterix/gpu/rixif/graphicCore/textureBufferTMU0/texCacheEvenS/ram0/genblk1[0].xpm_memory_tdpram_inst/xpm_memory_base_inst/gen_wr_a.gen_word_narrow.mem_reg_1,RAMB36E1
rasterixgen.rasterix/gpu/rixif/graphicCore/textureBufferTMU0/texCacheEvenS/ram0/genblk1[0].xpm_memory_tdpram_inst/xpm_memory_base_inst/gen_wr_a.gen_word_narrow.mem_reg_2,RAMB36E1
rasterixgen.rasterix/gpu/rixif/graphicCore/textureBufferTMU0/texCacheEvenS/ram0/genblk1[0].xpm_memory_tdpram_inst/xpm_memory_base_inst/gen_wr_a.gen_word_narrow.mem_reg_3,RAMB36E1
rasterixgen.rasterix/gpu/rixif/graphicCore/textureBufferTMU0/texCacheEvenS/ram0/genblk1[0].xpm_memory_tdpram_inst/xpm_memory_base_inst/gen_wr_a.gen_word_narrow.mem_reg_4,RAMB36E1
rasterixgen.rasterix/gpu/rixif/graphicCore/textureBufferTMU0/texCacheEvenS/ram0/genblk1[0].xpm_memory_tdpram_inst/xpm_memory_base_inst/gen_wr_a.gen_word_narrow.mem_reg_5,RAMB36E1
rasterixgen.rasterix/gpu/rixif/graphicCore/textureBufferTMU0/texCacheEvenS/ram0/genblk1[0].xpm_memory_tdpram_inst/xpm_memory_base_inst/gen_wr_a.gen_word_narrow.mem_reg_6,RAMB36E1
rasterixgen.rasterix/gpu/rixif/graphicCore/textureBufferTMU0/texCacheEvenS/ram0/genblk1[0].xpm_memory_tdpram_inst/xpm_memory_base_inst/gen_wr_a.gen_word_narrow.mem_reg_7,RAMB36E1
rasterixgen.rasterix/gpu/rixif/graphicCore/textureBufferTMU0/texCacheEvenS/ram0/genblk1[1].xpm_memory_tdpram_inst/xpm_memory_base_inst/gen_wr_a.gen_word_narrow.mem_reg_0,RAMB36E1
rasterixgen.rasterix/gpu/rixif/graphicCore/textureBufferTMU0/texCacheEvenS/ram0/genblk1[1].xpm_memory_tdpram_inst/xpm_memory_base_inst/gen_wr_a.gen_word_narrow.mem_reg_1,RAMB36E1
rasterixgen.rasterix/gpu/rixif/graphicCore/textureBufferTMU0/texCacheEvenS/ram0/genblk1[1].xpm_memory_tdpram_inst/xpm_memory_base_inst/gen_wr_a.gen_word_narrow.mem_reg_2,RAMB36E1
rasterixgen.rasterix/gpu/rixif/graphicCore/textureBufferTMU0/texCacheEvenS/ram0/genblk1[1].xpm_memory_tdpram_inst/xpm_memory_base_inst/gen_wr_a.gen_word_narrow.mem_reg_3,RAMB36E1
rasterixgen.rasterix/gpu/rixif/graphicCore/textureBufferTMU0/texCacheEvenS/ram0/genblk1[1].xpm_memory_tdpram_inst/xpm_memory_base_inst/gen_wr_a.gen_word_narrow.mem_reg_4,RAMB36E1
rasterixgen.rasterix/gpu/rixif/graphicCore/textureBufferTMU0/texCacheEvenS/ram0/genblk1[1].xpm_memory_tdpram_inst/xpm_memory_base_inst/gen_wr_a.gen_word_narrow.mem_reg_5,RAMB36E1
rasterixgen.rasterix/gpu/rixif/graphicCore/textureBufferTMU0/texCacheEvenS/ram0/genblk1[1].xpm_memory_tdpram_inst/xpm_memory_base_inst/gen_wr_a.gen_word_narrow.mem_reg_6,RAMB36E1
rasterixgen.rasterix/gpu/rixif/graphicCore/textureBufferTMU0/texCacheEvenS/ram0/genblk1[1].xpm_memory_tdpram_inst/xpm_memory_base_inst/gen_wr_a.gen_word_narrow.mem_reg_7,RAMB36E1
rasterixgen.rasterix/gpu/rixif/graphicCore/textureBufferTMU0/texCacheEvenS/ram1/genblk1[0].xpm_memory_tdpram_inst/xpm_memory_base_inst/gen_wr_a.gen_word_narrow.mem_reg_0,RAMB36E1
rasterixgen.rasterix/gpu/rixif/graphicCore/textureBufferTMU0/texCacheEvenS/ram1/genblk1[0].xpm_memory_tdpram_inst/xpm_memory_base_inst/gen_wr_a.gen_word_narrow.mem_reg_1,RAMB36E1
rasterixgen.rasterix/gpu/rixif/graphicCore/textureBufferTMU0/texCacheEvenS/ram1/genblk1[0].xpm_memory_tdpram_inst/xpm_memory_base_inst/gen_wr_a.gen_word_narrow.mem_reg_2,RAMB36E1
rasterixgen.rasterix/gpu/rixif/graphicCore/textureBufferTMU0/texCacheEvenS/ram1/genblk1[0].xpm_memory_tdpram_inst/xpm_memory_base_inst/gen_wr_a.gen_word_narrow.mem_reg_3,RAMB36E1
rasterixgen.rasterix/gpu/rixif/graphicCore/textureBufferTMU0/texCacheEvenS/ram1/genblk1[1].xpm_memory_tdpram_inst/xpm_memory_base_inst/gen_wr_a.gen_word_narrow.mem_reg_0,RAMB36E1
rasterixgen.rasterix/gpu/rixif/graphicCore/textureBufferTMU0/texCacheEvenS/ram1/genblk1[1].xpm_memory_tdpram_inst/xpm_memory_base_inst/gen_wr_a.gen_word_narrow.mem_reg_1,RAMB36E1
rasterixgen.rasterix/gpu/rixif/graphicCore/textureBufferTMU0/texCacheEvenS/ram1/genblk1[1].xpm_memory_tdpram_inst/xpm_memory_base_inst/gen_wr_a.gen_word_narrow.mem_reg_2,RAMB36E1
rasterixgen.rasterix/gpu/rixif/graphicCore/textureBufferTMU0/texCacheEvenS/ram1/genblk1[1].xpm_memory_tdpram_inst/xpm_memory_base_inst/gen_wr_a.gen_word_narrow.mem_reg_3,RAMB36E1
rasterixgen.rasterix/gpu/rixif/graphicCore/textureBufferTMU0/texCacheOddS/ram0/genblk1[0].xpm_memory_tdpram_inst/xpm_memory_base_inst/gen_wr_a.gen_word_narrow.mem_reg_0,RAMB36E1
rasterixgen.rasterix/gpu/rixif/graphicCore/textureBufferTMU0/texCacheOddS/ram0/genblk1[0].xpm_memory_tdpram_inst/xpm_memory_base_inst/gen_wr_a.gen_word_narrow.mem_reg_1,RAMB36E1
rasterixgen.rasterix/gpu/rixif/graphicCore/textureBufferTMU0/texCacheOddS/ram0/genblk1[0].xpm_memory_tdpram_inst/xpm_memory_base_inst/gen_wr_a.gen_word_narrow.mem_reg_2,RAMB36E1
rasterixgen.rasterix/gpu/rixif/graphicCore/textureBufferTMU0/texCacheOddS/ram0/genblk1[0].xpm_memory_tdpram_inst/xpm_memory_base_inst/gen_wr_a.gen_word_narrow.mem_reg_3,RAMB36E1
rasterixgen.rasterix/gpu/rixif/graphicCore/textureBufferTMU0/texCacheOddS/ram0/genblk1[0].xpm_memory_tdpram_inst/xpm_memory_base_inst/gen_wr_a.gen_word_narrow.mem_reg_4,RAMB36E1
rasterixgen.rasterix/gpu/rixif/graphicCore/textureBufferTMU0/texCacheOddS/ram0/genblk1[0].xpm_memory_tdpram_inst/xpm_memory_base_inst/gen_wr_a.gen_word_narrow.mem_reg_5,RAMB36E1
rasterixgen.rasterix/gpu/rixif/graphicCore/textureBufferTMU0/texCacheOddS/ram0/genblk1[0].xpm_memory_tdpram_inst/xpm_memory_base_inst/gen_wr_a.gen_word_narrow.mem_reg_6,RAMB36E1
rasterixgen.rasterix/gpu/rixif/graphicCore/textureBufferTMU0/texCacheOddS/ram0/genblk1[0].xpm_memory_tdpram_inst/xpm_memory_base_inst/gen_wr_a.gen_word_narrow.mem_reg_7,RAMB36E1
rasterixgen.rasterix/gpu/rixif/graphicCore/textureBufferTMU0/texCacheOddS/ram0/genblk1[1].xpm_memory_tdpram_inst/xpm_memory_base_inst/gen_wr_a.gen_word_narrow.mem_reg_0,RAMB36E1
rasterixgen.rasterix/gpu/rixif/graphicCore/textureBufferTMU0/texCacheOddS/ram0/genblk1[1].xpm_memory_tdpram_inst/xpm_memory_base_inst/gen_wr_a.gen_word_narrow.mem_reg_1,RAMB36E1
rasterixgen.rasterix/gpu/rixif/graphicCore/textureBufferTMU0/texCacheOddS/ram0/genblk1[1].xpm_memory_tdpram_inst/xpm_memory_base_inst/gen_wr_a.gen_word_narrow.mem_reg_2,RAMB36E1
rasterixgen.rasterix/gpu/rixif/graphicCore/textureBufferTMU0/texCacheOddS/ram0/genblk1[1].xpm_memory_tdpram_inst/xpm_memory_base_inst/gen_wr_a.gen_word_narrow.mem_reg_3,RAMB36E1
rasterixgen.rasterix/gpu/rixif/graphicCore/textureBufferTMU0/texCacheOddS/ram0/genblk1[1].xpm_memory_tdpram_inst/xpm_memory_base_inst/gen_wr_a.gen_word_narrow.mem_reg_4,RAMB36E1
rasterixgen.rasterix/gpu/rixif/graphicCore/textureBufferTMU0/texCacheOddS/ram0/genblk1[1].xpm_memory_tdpram_inst/xpm_memory_base_inst/gen_wr_a.gen_word_narrow.mem_reg_5,RAMB36E1
rasterixgen.rasterix/gpu/rixif/graphicCore/textureBufferTMU0/texCacheOddS/ram0/genblk1[1].xpm_memory_tdpram_inst/xpm_memory_base_inst/gen_wr_a.gen_word_narrow.mem_reg_6,RAMB36E1
rasterixgen.rasterix/gpu/rixif/graphicCore/textureBufferTMU0/texCacheOddS/ram0/genblk1[1].xpm_memory_tdpram_inst/xpm_memory_base_inst/gen_wr_a.gen_word_narrow.mem_reg_7,RAMB36E1
rasterixgen.rasterix/gpu/rixif/graphicCore/textureBufferTMU0/texCacheOddS/ram1/genblk1[0].xpm_memory_tdpram_inst/xpm_memory_base_inst/gen_wr_a.gen_word_narrow.mem_reg_0,RAMB36E1
rasterixgen.rasterix/gpu/rixif/graphicCore/textureBufferTMU0/texCacheOddS/ram1/genblk1[0].xpm_memory_tdpram_inst/xpm_memory_base_inst/gen_wr_a.gen_word_narrow.mem_reg_1,RAMB36E1
rasterixgen.rasterix/gpu/rixif/graphicCore/textureBufferTMU0/texCacheOddS/ram1/genblk1[0].xpm_memory_tdpram_inst/xpm_memory_base_inst/gen_wr_a.gen_word_narrow.mem_reg_2,RAMB36E1
rasterixgen.rasterix/gpu/rixif/graphicCore/textureBufferTMU0/texCacheOddS/ram1/genblk1[0].xpm_memory_tdpram_inst/xpm_memory_base_inst/gen_wr_a.gen_word_narrow.mem_reg_3,RAMB36E1
rasterixgen.rasterix/gpu/rixif/graphicCore/textureBufferTMU0/texCacheOddS/ram1/genblk1[1].xpm_memory_tdpram_inst/xpm_memory_base_inst/gen_wr_a.gen_word_narrow.mem_reg_0,RAMB36E1
rasterixgen.rasterix/gpu/rixif/graphicCore/textureBufferTMU0/texCacheOddS/ram1/genblk1[1].xpm_memory_tdpram_inst/xpm_memory_base_inst/gen_wr_a.gen_word_narrow.mem_reg_1,RAMB36E1
rasterixgen.rasterix/gpu/rixif/graphicCore/textureBufferTMU0/texCacheOddS/ram1/genblk1[1].xpm_memory_tdpram_inst/xpm_memory_base_inst/gen_wr_a.gen_word_narrow.mem_reg_2,RAMB36E1
rasterixgen.rasterix/gpu/rixif/graphicCore/textureBufferTMU0/texCacheOddS/ram1/genblk1[1].xpm_memory_tdpram_inst/xpm_memory_base_inst/gen_wr_a.gen_word_narrow.mem_reg_3,RAMB36E1
rasterixgen.rasterix/gpu/rixif/stencilBuffer/internalFramebufferRam/ramTile/genblk1[0].xpm_memory_sdpram_inst/xpm_memory_base_inst/gen_wr_a.gen_word_narrow.mem_reg,RAMB18E1
rasterixgen.rasterix/gpu/rixif/stencilBuffer/internalFramebufferRam/ramTile/genblk1[10].xpm_memory_sdpram_inst/xpm_memory_base_inst/gen_wr_a.gen_word_narrow.mem_reg,RAMB18E1
rasterixgen.rasterix/gpu/rixif/stencilBuffer/internalFramebufferRam/ramTile/genblk1[11].xpm_memory_sdpram_inst/xpm_memory_base_inst/gen_wr_a.gen_word_narrow.mem_reg,RAMB18E1
rasterixgen.rasterix/gpu/rixif/stencilBuffer/internalFramebufferRam/ramTile/genblk1[12].xpm_memory_sdpram_inst/xpm_memory_base_inst/gen_wr_a.gen_word_narrow.mem_reg,RAMB18E1
rasterixgen.rasterix/gpu/rixif/stencilBuffer/internalFramebufferRam/ramTile/genblk1[13].xpm_memory_sdpram_inst/xpm_memory_base_inst/gen_wr_a.gen_word_narrow.mem_reg,RAMB18E1
rasterixgen.rasterix/gpu/rixif/stencilBuffer/internalFramebufferRam/ramTile/genblk1[14].xpm_memory_sdpram_inst/xpm_memory_base_inst/gen_wr_a.gen_word_narrow.mem_reg,RAMB18E1
rasterixgen.rasterix/gpu/rixif/stencilBuffer/internalFramebufferRam/ramTile/genblk1[15].xpm_memory_sdpram_inst/xpm_memory_base_inst/gen_wr_a.gen_word_narrow.mem_reg,RAMB18E1
rasterixgen.rasterix/gpu/rixif/stencilBuffer/internalFramebufferRam/ramTile/genblk1[1].xpm_memory_sdpram_inst/xpm_memory_base_inst/gen_wr_a.gen_word_narrow.mem_reg,RAMB18E1
rasterixgen.rasterix/gpu/rixif/stencilBuffer/internalFramebufferRam/ramTile/genblk1[2].xpm_memory_sdpram_inst/xpm_memory_base_inst/gen_wr_a.gen_word_narrow.mem_reg,RAMB18E1
rasterixgen.rasterix/gpu/rixif/stencilBuffer/internalFramebufferRam/ramTile/genblk1[3].xpm_memory_sdpram_inst/xpm_memory_base_inst/gen_wr_a.gen_word_narrow.mem_reg,RAMB18E1
rasterixgen.rasterix/gpu/rixif/stencilBuffer/internalFramebufferRam/ramTile/genblk1[4].xpm_memory_sdpram_inst/xpm_memory_base_inst/gen_wr_a.gen_word_narrow.mem_reg,RAMB18E1
rasterixgen.rasterix/gpu/rixif/stencilBuffer/internalFramebufferRam/ramTile/genblk1[5].xpm_memory_sdpram_inst/xpm_memory_base_inst/gen_wr_a.gen_word_narrow.mem_reg,RAMB18E1
rasterixgen.rasterix/gpu/rixif/stencilBuffer/internalFramebufferRam/ramTile/genblk1[6].xpm_memory_sdpram_inst/xpm_memory_base_inst/gen_wr_a.gen_word_narrow.mem_reg,RAMB18E1
rasterixgen.rasterix/gpu/rixif/stencilBuffer/internalFramebufferRam/ramTile/genblk1[7].xpm_memory_sdpram_inst/xpm_memory_base_inst/gen_wr_a.gen_word_narrow.mem_reg,RAMB18E1
rasterixgen.rasterix/gpu/rixif/stencilBuffer/internalFramebufferRam/ramTile/genblk1[8].xpm_memory_sdpram_inst/xpm_memory_base_inst/gen_wr_a.gen_word_narrow.mem_reg,RAMB18E1
rasterixgen.rasterix/gpu/rixif/stencilBuffer/internalFramebufferRam/ramTile/genblk1[9].xpm_memory_sdpram_inst/xpm_memory_base_inst/gen_wr_a.gen_word_narrow.mem_reg,RAMB18E1
rasterixgen.rasterix/memory/rasterixmem_i/gpubuffer/inst/gen_fifo.fifo_gen_inst/inst_fifo_gen/gaxi_full_lite.gread_ch.grdch2.axi_rdch/grf.rf/gntv_or_sync_fifo.mem/gbm.gbmg.gbmga.ngecc.bmg/inst_blk_mem_gen/gnbram.gnativebmg.native_blk_mem_gen/valid.cstr/ramloop[0].ram.r/prim_noinit.ram/DEVICE_7SERIES.NO_BMM_INFO.SDP.WIDE_PRIM36_NO_ECC.ram,RAMB36E1
rasterixgen.rasterix/memory/rasterixmem_i/gpubuffer/inst/gen_fifo.fifo_gen_inst/inst_fifo_gen/gaxi_full_lite.gwrite_ch.gwdch2.axi_wdch/grf.rf/gntv_or_sync_fifo.mem/gbm.gbmg.gbmga.ngecc.bmg/inst_blk_mem_gen/gnbram.gnativebmg.native_blk_mem_gen/valid.cstr/ramloop[0].ram.r/prim_noinit.ram/DEVICE_7SERIES.NO_BMM_INFO.SDP.WIDE_PRIM18.ram,RAMB18E1
rasterixgen.rasterix/memory/rasterixmem_i/gpubuffer/inst/gen_fifo.fifo_gen_inst/inst_fifo_gen/gaxi_full_lite.gwrite_ch.gwdch2.axi_wdch/grf.rf/gntv_or_sync_fifo.mem/gbm.gbmg.gbmga.ngecc.bmg/inst_blk_mem_gen/gnbram.gnativebmg.native_blk_mem_gen/valid.cstr/ramloop[1].ram.r/prim_noinit.ram/DEVICE_7SERIES.NO_BMM_INFO.SDP.WIDE_PRIM36_NO_ECC.ram,RAMB36E1
rasterixgen.rasterix/responsefifo/inst/gen_fifo.xpm_fifo_axis_inst/xpm_fifo_base_inst/gen_sdpram.xpm_memory_base_inst/gen_wr_a.gen_word_narrow.mem_reg,RAMB18E1
wallypipelinedsoc/core/ifu/bpred.bpred/Predictor.DirPredictor/PHT/ram.RAM_reg,RAMB18E1
wallypipelinedsoc/core/ifu/bpred.bpred/TargetPredictor/memory/ram.RAM_reg_0,RAMB18E1
wallypipelinedsoc/core/ifu/bpred.bpred/TargetPredictor/memory/ram.RAM_reg_1,RAMB18E1
wallypipelinedsoc/core/ifu/bpred.bpred/TargetPredictor/memory/ram.RAM_reg_10,RAMB18E1
wallypipelinedsoc/core/ifu/bpred.bpred/TargetPredictor/memory/ram.RAM_reg_11,RAMB18E1
wallypipelinedsoc/core/ifu/bpred.bpred/TargetPredictor/memory/ram.RAM_reg_12,RAMB18E1
wallypipelinedsoc/core/ifu/bpred.bpred/TargetPredictor/memory/ram.RAM_reg_13,RAMB18E1
wallypipelinedsoc/core/ifu/bpred.bpred/TargetPredictor/memory/ram.RAM_reg_14,RAMB18E1
wallypipelinedsoc/core/ifu/bpred.bpred/TargetPredictor/memory/ram.RAM_reg_15,RAMB18E1
wallypipelinedsoc/core/ifu/bpred.bpred/TargetPredictor/memory/ram.RAM_reg_16,RAMB18E1
wallypipelinedsoc/core/ifu/bpred.bpred/TargetPredictor/memory/ram.RAM_reg_2,RAMB18E1
wallypipelinedsoc/core/ifu/bpred.bpred/TargetPredictor/memory/ram.RAM_reg_3,RAMB18E1
wallypipelinedsoc/core/ifu/bpred.bpred/TargetPredictor/memory/ram.RAM_reg_4,RAMB18E1
wallypipelinedsoc/core/ifu/bpred.bpred/TargetPredictor/memory/ram.RAM_reg_5,RAMB18E1
wallypipelinedsoc/core/ifu/bpred.bpred/TargetPredictor/memory/ram.RAM_reg_6,RAMB18E1
wallypipelinedsoc/core/ifu/bpred.bpred/TargetPredictor/memory/ram.RAM_reg_7,RAMB18E1
wallypipelinedsoc/core/ifu/bpred.bpred/TargetPredictor/memory/ram.RAM_reg_8,RAMB18E1
wallypipelinedsoc/core/ifu/bpred.bpred/TargetPredictor/memory/ram.RAM_reg_9,RAMB18E1
wallypipelinedsoc/core/ifu/bus.icache.icache/CacheWays[0]/CacheTagMem/ram.RAM_reg_0,RAMB18E1
wallypipelinedsoc/core/ifu/bus.icache.icache/CacheWays[0]/CacheTagMem/ram.RAM_reg_1,RAMB18E1
wallypipelinedsoc/core/ifu/bus.icache.icache/CacheWays[0]/word[0].wordram.CacheDataMem/ram.RAM_reg_0,RAMB36E1
wallypipelinedsoc/core/ifu/bus.icache.icache/CacheWays[0]/word[0].wordram.CacheDataMem/ram.RAM_reg_1,RAMB36E1
wallypipelinedsoc/core/ifu/bus.icache.icache/CacheWays[0]/word[1].wordram.CacheDataMem/ram.RAM_reg_0,RAMB36E1
wallypipelinedsoc/core/ifu/bus.icache.icache/CacheWays[0]/word[1].wordram.CacheDataMem/ram.RAM_reg_1,RAMB36E1
wallypipelinedsoc/core/ifu/bus.icache.icache/CacheWays[0]/word[2].wordram.CacheDataMem/ram.RAM_reg_0,RAMB36E1
wallypipelinedsoc/core/ifu/bus.icache.icache/CacheWays[0]/word[2].wordram.CacheDataMem/ram.RAM_reg_1,RAMB36E1
wallypipelinedsoc/core/ifu/bus.icache.icache/CacheWays[0]/word[3].wordram.CacheDataMem/ram.RAM_reg_0,RAMB36E1
wallypipelinedsoc/core/ifu/bus.icache.icache/CacheWays[0]/word[3].wordram.CacheDataMem/ram.RAM_reg_1,RAMB36E1
wallypipelinedsoc/core/ifu/bus.icache.icache/CacheWays[1]/CacheTagMem/ram.RAM_reg_0,RAMB18E1
wallypipelinedsoc/core/ifu/bus.icache.icache/CacheWays[1]/CacheTagMem/ram.RAM_reg_1,RAMB18E1
wallypipelinedsoc/core/ifu/bus.icache.icache/CacheWays[1]/word[0].wordram.CacheDataMem/ram.RAM_reg_0,RAMB36E1
wallypipelinedsoc/core/ifu/bus.icache.icache/CacheWays[1]/word[0].wordram.CacheDataMem/ram.RAM_reg_1,RAMB36E1
wallypipelinedsoc/core/ifu/bus.icache.icache/CacheWays[1]/word[1].wordram.CacheDataMem/ram.RAM_reg_0,RAMB36E1
wallypipelinedsoc/core/ifu/bus.icache.icache/CacheWays[1]/word[1].wordram.CacheDataMem/ram.RAM_reg_1,RAMB36E1
wallypipelinedsoc/core/ifu/bus.icache.icache/CacheWays[1]/word[2].wordram.CacheDataMem/ram.RAM_reg_0,RAMB36E1
wallypipelinedsoc/core/ifu/bus.icache.icache/CacheWays[1]/word[2].wordram.CacheDataMem/ram.RAM_reg_1,RAMB36E1
wallypipelinedsoc/core/ifu/bus.icache.icache/CacheWays[1]/word[3].wordram.CacheDataMem/ram.RAM_reg_0,RAMB36E1
wallypipelinedsoc/core/ifu/bus.icache.icache/CacheWays[1]/word[3].wordram.CacheDataMem/ram.RAM_reg_1,RAMB36E1
wallypipelinedsoc/core/ifu/bus.icache.icache/CacheWays[2]/CacheTagMem/ram.RAM_reg_0,RAMB18E1
wallypipelinedsoc/core/ifu/bus.icache.icache/CacheWays[2]/CacheTagMem/ram.RAM_reg_1,RAMB18E1
wallypipelinedsoc/core/ifu/bus.icache.icache/CacheWays[2]/word[0].wordram.CacheDataMem/ram.RAM_reg_0,RAMB36E1
wallypipelinedsoc/core/ifu/bus.icache.icache/CacheWays[2]/word[0].wordram.CacheDataMem/ram.RAM_reg_1,RAMB36E1
wallypipelinedsoc/core/ifu/bus.icache.icache/CacheWays[2]/word[1].wordram.CacheDataMem/ram.RAM_reg_0,RAMB36E1
wallypipelinedsoc/core/ifu/bus.icache.icache/CacheWays[2]/word[1].wordram.CacheDataMem/ram.RAM_reg_1,RAMB36E1
wallypipelinedsoc/core/ifu/bus.icache.icache/CacheWays[2]/word[2].wordram.CacheDataMem/ram.RAM_reg_0,RAMB36E1
wallypipelinedsoc/core/ifu/bus.icache.icache/CacheWays[2]/word[2].wordram.CacheDataMem/ram.RAM_reg_1,RAMB36E1
wallypipelinedsoc/core/ifu/bus.icache.icache/CacheWays[2]/word[3].wordram.CacheDataMem/ram.RAM_reg_0,RAMB36E1
wallypipelinedsoc/core/ifu/bus.icache.icache/CacheWays[2]/word[3].wordram.CacheDataMem/ram.RAM_reg_1,RAMB36E1
wallypipelinedsoc/core/ifu/bus.icache.icache/CacheWays[3]/CacheTagMem/ram.RAM_reg_0,RAMB18E1
wallypipelinedsoc/core/ifu/bus.icache.icache/CacheWays[3]/CacheTagMem/ram.RAM_reg_1,RAMB18E1
wallypipelinedsoc/core/ifu/bus.icache.icache/CacheWays[3]/word[0].wordram.CacheDataMem/ram.RAM_reg_0,RAMB36E1
wallypipelinedsoc/core/ifu/bus.icache.icache/CacheWays[3]/word[0].wordram.CacheDataMem/ram.RAM_reg_1,RAMB36E1
wallypipelinedsoc/core/ifu/bus.icache.icache/CacheWays[3]/word[1].wordram.CacheDataMem/ram.RAM_reg_0,RAMB36E1
wallypipelinedsoc/core/ifu/bus.icache.icache/CacheWays[3]/word[1].wordram.CacheDataMem/ram.RAM_reg_1,RAMB36E1
wallypipelinedsoc/core/ifu/bus.icache.icache/CacheWays[3]/word[2].wordram.CacheDataMem/ram.RAM_reg_0,RAMB36E1
wallypipelinedsoc/core/ifu/bus.icache.icache/CacheWays[3]/word[2].wordram.CacheDataMem/ram.RAM_reg_1,RAMB36E1
wallypipelinedsoc/core/ifu/bus.icache.icache/CacheWays[3]/word[3].wordram.CacheDataMem/ram.RAM_reg_0,RAMB36E1
wallypipelinedsoc/core/ifu/bus.icache.icache/CacheWays[3]/word[3].wordram.CacheDataMem/ram.RAM_reg_1,RAMB36E1
wallypipelinedsoc/core/lsu/bus.dcache.dcache/CacheWays[0]/CacheTagMem/ram.RAM_reg_0,RAMB18E1
wallypipelinedsoc/core/lsu/bus.dcache.dcache/CacheWays[0]/CacheTagMem/ram.RAM_reg_1,RAMB18E1
wallypipelinedsoc/core/lsu/bus.dcache.dcache/CacheWays[0]/word[0].wordram.CacheDataMem/ram.RAM_reg_0,RAMB36E1
wallypipelinedsoc/core/lsu/bus.dcache.dcache/CacheWays[0]/word[0].wordram.CacheDataMem/ram.RAM_reg_1,RAMB36E1
wallypipelinedsoc/core/lsu/bus.dcache.dcache/CacheWays[0]/word[1].wordram.CacheDataMem/ram.RAM_reg_0,RAMB36E1
wallypipelinedsoc/core/lsu/bus.dcache.dcache/CacheWays[0]/word[1].wordram.CacheDataMem/ram.RAM_reg_1,RAMB36E1
wallypipelinedsoc/core/lsu/bus.dcache.dcache/CacheWays[0]/word[2].wordram.CacheDataMem/ram.RAM_reg_0,RAMB36E1
wallypipelinedsoc/core/lsu/bus.dcache.dcache/CacheWays[0]/word[2].wordram.CacheDataMem/ram.RAM_reg_1,RAMB36E1
wallypipelinedsoc/core/lsu/bus.dcache.dcache/CacheWays[0]/word[3].wordram.CacheDataMem/ram.RAM_reg_0,RAMB36E1
wallypipelinedsoc/core/lsu/bus.dcache.dcache/CacheWays[0]/word[3].wordram.CacheDataMem/ram.RAM_reg_1,RAMB36E1
wallypipelinedsoc/core/lsu/bus.dcache.dcache/CacheWays[1]/CacheTagMem/ram.RAM_reg_0,RAMB18E1
wallypipelinedsoc/core/lsu/bus.dcache.dcache/CacheWays[1]/CacheTagMem/ram.RAM_reg_1,RAMB18E1
wallypipelinedsoc/core/lsu/bus.dcache.dcache/CacheWays[1]/word[0].wordram.CacheDataMem/ram.RAM_reg_0,RAMB36E1
wallypipelinedsoc/core/lsu/bus.dcache.dcache/CacheWays[1]/word[0].wordram.CacheDataMem/ram.RAM_reg_1,RAMB36E1
wallypipelinedsoc/core/lsu/bus.dcache.dcache/CacheWays[1]/word[1].wordram.CacheDataMem/ram.RAM_reg_0,RAMB36E1
wallypipelinedsoc/core/lsu/bus.dcache.dcache/CacheWays[1]/word[1].wordram.CacheDataMem/ram.RAM_reg_1,RAMB36E1
wallypipelinedsoc/core/lsu/bus.dcache.dcache/CacheWays[1]/word[2].wordram.CacheDataMem/ram.RAM_reg_0,RAMB36E1
wallypipelinedsoc/core/lsu/bus.dcache.dcache/CacheWays[1]/word[2].wordram.CacheDataMem/ram.RAM_reg_1,RAMB36E1
wallypipelinedsoc/core/lsu/bus.dcache.dcache/CacheWays[1]/word[3].wordram.CacheDataMem/ram.RAM_reg_0,RAMB36E1
wallypipelinedsoc/core/lsu/bus.dcache.dcache/CacheWays[1]/word[3].wordram.CacheDataMem/ram.RAM_reg_1,RAMB36E1
wallypipelinedsoc/core/lsu/bus.dcache.dcache/CacheWays[2]/CacheTagMem/ram.RAM_reg_0,RAMB18E1
wallypipelinedsoc/core/lsu/bus.dcache.dcache/CacheWays[2]/CacheTagMem/ram.RAM_reg_1,RAMB18E1
wallypipelinedsoc/core/lsu/bus.dcache.dcache/CacheWays[2]/word[0].wordram.CacheDataMem/ram.RAM_reg_0,RAMB36E1
wallypipelinedsoc/core/lsu/bus.dcache.dcache/CacheWays[2]/word[0].wordram.CacheDataMem/ram.RAM_reg_1,RAMB36E1
wallypipelinedsoc/core/lsu/bus.dcache.dcache/CacheWays[2]/word[1].wordram.CacheDataMem/ram.RAM_reg_0,RAMB36E1
wallypipelinedsoc/core/lsu/bus.dcache.dcache/CacheWays[2]/word[1].wordram.CacheDataMem/ram.RAM_reg_1,RAMB36E1
wallypipelinedsoc/core/lsu/bus.dcache.dcache/CacheWays[2]/word[2].wordram.CacheDataMem/ram.RAM_reg_0,RAMB36E1
wallypipelinedsoc/core/lsu/bus.dcache.dcache/CacheWays[2]/word[2].wordram.CacheDataMem/ram.RAM_reg_1,RAMB36E1
wallypipelinedsoc/core/lsu/bus.dcache.dcache/CacheWays[2]/word[3].wordram.CacheDataMem/ram.RAM_reg_0,RAMB36E1
wallypipelinedsoc/core/lsu/bus.dcache.dcache/CacheWays[2]/word[3].wordram.CacheDataMem/ram.RAM_reg_1,RAMB36E1
wallypipelinedsoc/core/lsu/bus.dcache.dcache/CacheWays[3]/CacheTagMem/ram.RAM_reg_0,RAMB18E1
wallypipelinedsoc/core/lsu/bus.dcache.dcache/CacheWays[3]/CacheTagMem/ram.RAM_reg_1,RAMB18E1
wallypipelinedsoc/core/lsu/bus.dcache.dcache/CacheWays[3]/word[0].wordram.CacheDataMem/ram.RAM_reg_0,RAMB36E1
wallypipelinedsoc/core/lsu/bus.dcache.dcache/CacheWays[3]/word[0].wordram.CacheDataMem/ram.RAM_reg_1,RAMB36E1
wallypipelinedsoc/core/lsu/bus.dcache.dcache/CacheWays[3]/word[1].wordram.CacheDataMem/ram.RAM_reg_0,RAMB36E1
wallypipelinedsoc/core/lsu/bus.dcache.dcache/CacheWays[3]/word[1].wordram.CacheDataMem/ram.RAM_reg_1,RAMB36E1
wallypipelinedsoc/core/lsu/bus.dcache.dcache/CacheWays[3]/word[2].wordram.CacheDataMem/ram.RAM_reg_0,RAMB36E1
wallypipelinedsoc/core/lsu/bus.dcache.dcache/CacheWays[3]/word[2].wordram.CacheDataMem/ram.RAM_reg_1,RAMB36E1
wallypipelinedsoc/core/lsu/bus.dcache.dcache/CacheWays[3]/word[3].wordram.CacheDataMem/ram.RAM_reg_0,RAMB36E1
wallypipelinedsoc/core/lsu/bus.dcache.dcache/CacheWays[3]/word[3].wordram.CacheDataMem/ram.RAM_reg_1,RAMB36E1
wallypipelinedsoc/uncoregen.uncore/bootrom.bootrom/memory/dout_reg,RAMB36E1
wallypipelinedsoc/uncoregen.uncore/ram.ram/memory/ram.RAM_reg_0,RAMB36E1
wallypipelinedsoc/uncoregen.uncore/ram.ram/memory/ram.RAM_reg_1,RAMB36E1
