case,variant,state_frame,mode,profile,repeat,frames,pixel_checked,swaps_per_second,elapsed_s,completion_p95_ms,clock_call_ns,logic_ms,api_ms,swap_ms,wait_ms,total_ms,completion_interval_ms,write_ms,worker_inclusive_ms,upload_inclusive_ms,dma_copy_ms,dma_launch_ms,dma_completion_wait_ms,bytes_per_frame
o3-apb-s0-full-r1,o3-apb,0,full,frame,1,180,True,14.727834,12.22175675,82.7971,5893,,,,,67.7433711111111,67.8986486111111,,,,,,,30951.555555555555
o3-dma-s0-full-r1,o3-dma,0,full,frame,1,180,True,11.843825,15.1977931,86.17445,5979,,,,,84.26142055555555,84.4321838888889,,,,,,,30951.555555555555
o3-apb-s0-grouped-r1,o3-apb,0,grouped,frame,1,180,True,14.932108,12.0545605,67.07905,5391,,,,,66.8050925,66.96978055555556,,,,,,,30951.555555555555
o3-dma-s0-grouped-r1,o3-dma,0,grouped,frame,1,180,True,14.354732,12.5394187,83.60045,5266,,,,,69.50262805555555,69.66343722222223,,,,,,,30951.555555555555
o3-apb-s0-retained-r1,o3-apb,0,retained,frame,1,180,True,58.511737,3.07630585,17.04545,6208,,,,,16.90389083333333,17.090588055555557,,,,,,,3578.6666666666665
o3-dma-s0-retained-r1,o3-dma,0,retained,frame,1,180,True,57.882765,3.10973395,17.0341,5672,,,,,17.103661111111112,17.276299722222223,,,,,,,3578.6666666666665
o3-apb-s0-replay-r1,o3-apb,0,replay,frame,1,180,True,58.831336,3.05959395,17.01755,5856,,,,,16.82475,16.997744166666667,,,,,,,34372
o3-dma-s0-replay-r1,o3-dma,0,replay,frame,1,180,True,29.822945,6.0356212,33.69095,5447,,,,,33.37198611111111,33.53122888888889,,,,,,,34372
o3-dma-s0-full-r2,o3-dma,0,full,frame,2,180,True,11.843831,15.19778585,84.009,5490,,,,,84.27577777777778,84.4321436111111,,,,,,,30951.555555555555
o3-apb-s0-full-r2,o3-apb,0,full,frame,2,180,True,14.727835,12.22175555,83.59485,5278,,,,,67.72529277777778,67.89864194444445,,,,,,,30951.555555555555
o3-dma-s0-grouped-r2,o3-dma,0,grouped,frame,2,180,True,14.297545,12.589574,83.5993,5524,,,,,69.76780083333333,69.94207777777778,,,,,,,30951.555555555555
o3-apb-s0-grouped-r2,o3-apb,0,grouped,frame,2,180,True,14.953278,12.037494,67.10865,5487,,,,,66.72340277777778,66.87496666666667,,,,,,,30951.555555555555
o3-dma-s0-retained-r2,o3-dma,0,retained,frame,2,180,True,58.200315,3.09276675,17.0199,5910,,,,,17.004034166666667,17.1820375,,,,,,,3578.6666666666665
o3-apb-s0-retained-r2,o3-apb,0,retained,frame,2,180,True,58.202758,3.09263695,17.04795,5529,,,,,17.009447222222224,17.181316388888888,,,,,,,3578.6666666666665
o3-dma-s0-replay-r2,o3-dma,0,replay,frame,2,180,True,29.905771,6.01890525,33.70885,5433,,,,,33.27066722222222,33.4383625,,,,,,,34372
o3-apb-s0-replay-r2,o3-apb,0,replay,frame,2,180,True,58.831398,3.05959075,16.9992,5450,,,,,16.829459722222225,16.99772638888889,,,,,,,34372
o3-apb-s0-full-r3,o3-apb,0,full,frame,3,180,True,14.727424,12.22209685,83.59275,5947,,,,,67.7239361111111,67.90053805555556,,,,,,,30951.555555555555
o3-dma-s0-full-r3,o3-dma,0,full,frame,3,180,True,11.791929,15.2646779,100.31285,5984,,,,,84.6555136111111,84.8037661111111,,,,,,,30951.555555555555
o3-apb-s0-grouped-r3,o3-apb,0,grouped,frame,3,180,True,14.952846,12.03784185,67.125,5515,,,,,66.70827888888888,66.87689916666666,,,,,,,30951.555555555555
o3-dma-s0-grouped-r3,o3-dma,0,grouped,frame,3,180,True,14.354728,12.53942255,83.59815,5930,,,,,69.50711055555556,69.66345861111111,,,,,,,30951.555555555555
o3-apb-s0-retained-r3,o3-apb,0,retained,frame,3,180,True,58.511698,3.0763079,17.04995,5912,,,,,16.925802222222224,17.090599444444443,,,,,,,3578.6666666666665
o3-dma-s0-retained-r3,o3-dma,0,retained,frame,3,180,True,57.882583,3.10974375,17.08535,5553,,,,,17.106203055555557,17.276354166666668,,,,,,,3578.6666666666665
o3-apb-s0-replay-r3,o3-apb,0,replay,frame,3,180,True,58.831237,3.0595991,17.03265,5811,,,,,16.83383611111111,16.997772777777776,,,,,,,34372
o3-dma-s0-replay-r3,o3-dma,0,replay,frame,3,180,True,29.577133,6.08578265,33.78155,5585,,,,,33.657545,33.80990361111111,,,,,,,34372
